,0,1,2,3,4,5,6,7,8,9,10,11,12,13,14,15
19811001,-80.67841448125596,38.7948286091537,-2.685981910495005,62.37018583835012,17.195236728930343,54.48795077297548,15.510616321987712,11.668615308674559,7.25472963410824,-12.183147249436805,-4.193695844503753,3.5799033885680673,7.035257697745337,-12.147581652001708,2.8478477738986085,-3.4628253779784792
19811002,-79.52709105886291,48.85450523493009,1.3152608235511216,54.03924213634192,-22.80763556670032,48.78704049973471,18.714026289624115,7.080726817434398,6.675254268386871,-11.390421407820961,-7.889773658110471,3.392213138407673,4.7779628333565975,-12.46766932644465,0.8655069838777197,-7.197080178551328
19811003,-84.70795677169794,39.02069373460246,-2.2754519604156047,62.520520090619506,1.2416967691521776,57.24881780882918,17.95743324925294,6.587912788590535,2.1992439364169156,-9.165969705674021,-12.909300904740093,-2.4727424294196485,2.457426767882612,-9.967222623325684,1.683601312166604,-5.5519482560422455
19811004,-86.8807078224559,32.45245438786675,-3.2979726762293224,62.25107971897685,16.1913511653096,52.67467619879967,17.001710610499128,9.288515739713082,7.730839777230373,-13.727292809147798,-4.0155964619359485,3.3672804222637835,7.445077733451035,-11.521424725122236,2.5688313986192233,-2.6002809202370427
19811005,-86.09870035507858,32.63345306258669,-4.690235196060367,65.31691869940252,17.733199758268956,57.93104100251919,15.486715898466544,10.165601730997675,0.15264786565577224,-8.147869447731383,-11.434874560020369,-0.927532452064568,2.9560072737584218,-9.991480678586731,1.4864936290658501,-2.9510680188658553
19811006,14.15007956188385,74.83086155125743,3.63743746513852,19.259465249933083,-27.59221850479997,-10.981841186903319,-8.019872964183273,24.91103772951324,-18.631012472717046,21.46520585196329,-11.786562569364504,13.9721124186807,-7.7222590619443245,-21.385318167745815,-8.807754692803664,9.182021358220547
19811007,8.503481163147283,76.0952191807811,13.168704173094032,33.500290071801665,-24.444898642254326,-17.407441436209677,4.027773193738135,-2.7597773217806174,-9.378134574657642,5.915348232408462,-1.7466885814353053,-7.287253896520271,-5.597614196682474,-9.256047718641415,2.5077447991040813,-6.867109256094215
19811008,5.334717077676798,70.57195553014857,12.52185490490875,39.04076177823754,-8.225304575712276,-16.407795493958385,-1.8192979169207626,-0.5326051742373323,-12.354072378299762,3.4225212597698627,0.9551585009476316,-6.9512399147846375,-5.652874545885178,-7.284531449880214,5.877400203121262,-3.535571737534569
19811009,4.45497883965437,66.47194775151145,7.265795035646748,30.878828400836092,-8.527941784321676,-17.338689303120187,-0.48563398899051985,9.87008855321297,-10.40749439540226,10.385713203524293,-1.5785094890158888,-0.7682703562234542,-3.7032996270790015,-13.274543412465944,-1.65023491768238,1.8262604276517276
19811010,5.334111395733227,70.7699027573796,10.227824153753327,34.35791697031584,-22.517754069531936,-20.045599928623506,6.324863047908401,-1.3591954950199467,-8.902602590518446,7.596999391131693,-1.816314095054711,-7.490301973816705,-6.364487118709779,-8.792843799377904,2.4983061190694817,-4.740599198789475
19811011,5.614512860404456,69.90460584952136,8.490072123591315,31.184162703861517,-23.545776510531343,-16.406388472635278,2.0939654104315104,5.862432849551306,-11.613080389617329,13.356350846307699,-6.107298126767189,-1.9666605268218793,-9.283419538498581,-13.58715933616781,-3.9125301846387295,1.4180644026827418
19811012,-90.10301978558053,31.726376539038018,-7.9537045416357195,65.74948919511776,-0.031027414792630784,52.541079049040164,13.064390120806241,10.34609477608018,3.1749039822028027,-7.782996121092217,-2.412314044310615,-3.010428359503442,-6.666341137627488,-14.85352306732143,1.3535012800879729,-2.1981235557104406
19811013,4.9939113839959,67.67140158560383,5.455219687516586,30.709694951696747,-25.055135420708478,-13.859859128927909,-2.836670508591004,0.32915659681712667,-7.44304163603819,16.025085011150445,11.050301986597443,2.7237673221711085,-10.497202950984196,-13.876824022016113,-4.296457830157515,1.2726881781750776
19811014,3.289492690419517,65.21370118693713,3.570488196922878,23.04547712537377,-26.16455316063606,-8.370128465468895,-6.759105039606993,20.466838897463195,-20.24189150010525,27.227909191124827,-23.29020224218076,8.493067790948432,-15.329319934727607,-16.819205566348494,-13.068453493730061,8.938864214119649
19811015,-90.86666349200193,35.59710909244836,-4.822611592331727,55.05922658296206,-25.429130102989077,43.05509606947511,12.028514267885082,16.43335468714425,-3.9181784340346897,-15.032137662333852,-12.17760744984582,-17.718735106780517,8.172032012045781,-15.451104434428967,-3.4736771479544246,-2.3800681108016692
19811016,6.6798800312116375,62.061382391801864,-1.2552612746963694,29.951143868600315,-28.71395891521764,-11.169442177160915,8.617074303240697,13.631371312899441,-37.222077194243255,27.16694212665508,-17.431598975812193,17.0324581307838,-10.139923028979522,-10.995960264393819,-15.888129253552929,7.904457029347143
19811017,-0.7701854299579474,60.618062889399,10.237535630797506,40.721665383638,-23.205717463753828,-21.734841111477596,18.155802563212617,-10.873706865518455,-21.24755572728579,6.172094804117076,4.346971627269724,3.829375827517782,-2.9456030423934116,0.4214221373793467,-4.234762559388695,-1.1128820204398453
19811018,0.8168483106454328,59.67788415263579,7.237941756960407,47.668580461447014,-25.0502572482806,-20.098899412118634,14.592661562264215,-12.227774246649652,-18.097574363126345,10.622756311781108,23.42510273124866,3.1408560600449613,-14.401982303023983,-6.556111030976485,-3.215593311273968,4.822119151628262
19811019,-8.995134070020976,58.808799035871694,13.808868316152171,33.86888941502315,-21.70324158973109,-20.546687835660197,-0.835545695674299,-11.487952400884401,-5.525896253720266,7.250308361037855,-1.1369992682855097,-4.658978564080876,-2.139699842269748,-1.841880775246176,-3.4030360341901904,1.7753878111141408
19811020,-17.202913787562984,49.47651356667852,12.435240098267672,35.63768464323674,1.9320883754504643,-18.158186103266523,-10.939245768431597,-8.022026211553662,-0.5461608908756277,6.272234891974312,3.0054729789159724,-8.458434565636606,2.139118698849483,-2.7664032449835165,-1.3277251043258649,4.175145898356397
19811021,-111.75907950219928,10.689892561384145,-0.8776701750238668,59.009319378436956,13.058863543242323,48.320032314525456,12.061802778362072,5.3565827819092435,23.503778261288694,-10.740506068370886,8.620173738041585,6.390001467288467,1.508451686604213,-8.03372654798202,-1.9387370189636415,11.291761948822343
19811022,-104.9251228299345,12.838283898735463,-6.840219703147856,62.871679031222186,13.092974725055265,50.12122951006672,24.857575080044615,7.3038048242939695,-6.5815944594953315,-6.1826570873145155,-2.6116575313841865,3.444050034984397,1.3260863368235989,5.8777753428748,-3.2799990995183443,3.25073843265337
19811023,-116.83599786658523,5.352527231242747,-0.6049057285385856,55.134575043261016,11.501974485881606,46.40150530033696,9.760303023622052,8.494122878280425,18.966699622138268,-16.43450104731337,0.5097039326071505,4.616230460272013,9.433525375957721,-0.38806907128857004,-1.788481172321356,10.470204287391578
19811024,-13.580241339136315,47.295462481333345,7.788988769773215,49.114427659164136,-27.957945786651734,-20.552525536591105,11.521366570418333,-11.796103057343482,-12.391119975046495,9.888885035070826,18.956427323629764,2.4993973517757295,-14.069536904352807,-4.268061649813173,-1.7096499019322051,5.959521903437866
19811025,-19.95833400827233,49.37565376008148,12.702062866477359,39.361864196537965,-26.429809194149136,-15.993616986579434,-6.802706742120963,-11.506551271902111,8.822335357060455,13.174827697151493,13.390245911657823,-10.179031197983829,-14.931255912192054,-11.486206254118054,-2.6229752808926086,3.9270807751406878
19811026,-23.367035620470677,44.426034347396694,12.039003769071913,34.47139644374606,-24.561841088848283,-22.287079504841714,-1.0562025590358612,-10.349412066005147,1.24710759837959,6.9096864597084195,-0.6432864996668155,-5.543199900234384,0.8687509143373224,-1.8955257934953942,-6.151578642755075,0.8048323058939826
19811027,-32.52815158581128,30.49178465179188,8.987583802219717,46.91919628679524,24.04319213025214,-15.35798624566637,-13.858557483293282,-8.469002687801108,-8.640657894724086,7.729766430820474,-5.217262007488522,-10.99306949130922,-0.023152693091110628,2.0154545781144697,-2.122046312420289,4.2957727563019645
19811028,-26.929530713114254,40.082600063377676,9.750709226169166,36.0283003077815,-26.35043007989096,-23.56849597727342,-10.721518529171034,-3.635846436990871,-6.830171128008908,-0.05203314902176784,0.4970668175546144,-16.529210839035137,9.755795255102106,-3.82832552263903,-6.432528423207612,3.7913713182508086
19811029,-29.635829435326606,40.173524562269684,10.146232661314206,40.936371394749344,-26.54596254088064,-18.71126211626839,-8.408122952576827,-9.840960734058811,4.51224130777864,7.931224818123339,13.075946031188282,-8.503801487603795,-15.297974324011395,-8.438905047928241,0.3216822318123477,4.832855422441238
19811030,-41.22510767683008,24.02275654526365,9.019628201305032,41.25087817973444,23.502133231153046,-17.848414780305678,-16.562796402040252,-7.902569786756229,-2.1117775602471784,3.6338661997683896,1.7945747452494174,-6.677190259570738,2.8548259812594137,4.974704063336546,-1.785958591554108,6.331260307960948
19811031,-36.57204696905102,25.57181220987305,24.07667100279874,44.0471081672507,22.41764077262629,-9.55250270050341,-16.590248377216657,-2.626539733266991,4.7916968004841385,4.2904578725969635,25.498597742291267,-5.801979587963873,-7.619556306194392,19.112124228649712,0.7219399361210095,29.760105717739403
19811101,-39.657424379834914,24.138857183255894,24.1189701814069,37.771705199808295,24.651968883820004,-10.240394320219318,-17.540049126982755,-4.568729437957277,0.05735328278235233,1.0550893266245873,10.237677504763663,-3.71829150595782,5.077398083881578,27.82202876658488,-0.7633916695220625,24.95531538549495
19811102,-37.14200515218082,32.35667738323201,25.0568958291545,38.896669005016214,1.1964639089802662,-4.935364094997705,-21.913104251127,-5.557590974444052,12.941636246333294,6.497692616292564,24.899359455235174,-8.061488615172394,-13.297753191969395,17.28545455109087,2.2461181380995567,25.073746409612497
19811103,-35.684392829796934,38.13016899124073,8.754875049114611,39.27590970789623,-28.851563515112485,-18.292153936311447,-11.74308451915987,-11.787362921837378,9.784503758396792,10.585927273653333,17.472150268885876,-3.151079267593239,-13.990178638695799,-4.582236709302901,1.9473214511759736,-5.2870403550566865
19811104,-44.267660271413256,28.03353141593789,8.234194152049902,26.42353102289227,-30.000247233414086,-32.70881793465488,-14.368663897240813,-2.26726723458438,14.495194991173454,-14.388613731045305,18.564253697367135,-3.118169559685528,21.888607113345913,-8.198831779546873,-8.301162331578537,3.380915854234402
19811105,-45.67682873724047,30.497016769288564,28.25338254083002,27.08679517522257,-25.57677710267662,-9.026421683320851,-11.17276960143977,-12.69494763073545,7.012870775513665,1.1178144033267228,0.6284852252965446,2.966512956922332,0.9652426518249769,32.55631177192976,-7.9352902056669254,18.154074264271213
19811106,-146.34249211501805,-10.90675317478522,-2.487079201541508,60.77201490962034,6.578743014938886,50.17601940947995,9.628628686750798,6.8581149474776355,16.355024178722118,-14.340319906990258,-20.423292463076,-7.155081804554717,-4.471861993906975,10.408186915588411,2.3000184538173816,7.986748734121565
19811107,-147.65616820715655,-16.81307811900224,-5.402588744893153,38.82881433536933,10.321354025582707,42.223357766514496,31.516385713272605,12.80002873731458,42.9232021945812,-3.4774766955397185,-2.6322439901975083,-9.651327800476016,11.116231870782531,4.813941938119145,-13.458478711716527,10.919263173395173
19811108,-53.52928220206801,17.960329972028553,24.250146920027056,38.42167441005531,1.5002944420226856,-7.025866214669955,-14.047149767357364,-8.382366999491321,3.2119480854032507,-0.1898610311926905,12.10958214852253,-3.4600951546837053,0.9214708517533626,30.880407290191,-5.764016864338001,22.212004456512542
19811109,-56.18273472167243,13.924631551869249,-0.5943213376999505,49.630774916311076,0.08572331991879273,-26.364982717949673,3.5804128665093398,-17.005033292493167,-14.902897682405607,-2.022052798084192,1.4494072832774194,11.762122000109578,6.204832229338971,4.587197190173308,-8.908395942550198,-6.281662646523283
19811110,-62.4139170648636,16.38298295568848,2.6516306831172147,42.138543589061726,1.0542203475770127,-22.731374572173017,-11.204116434144677,-17.99947601304142,6.574709422620905,8.385418186479525,-4.172252598750051,-3.573906732835593,2.927522587580447,-3.583582293606965,2.544288928222243,-2.7895096795776886
19811111,-63.135208066526886,15.775495666975848,7.410216423291197,38.235976665810476,2.654176249608054,-21.7481621466263,-11.939797857057922,-16.41717256030348,9.036749253143473,9.339536390901626,-7.347386836806108,-3.1703406645838674,5.836830325001778,5.255251369070264,2.6078425164346535,-1.281156075171418
19811112,-68.21213463602832,12.552960457766615,10.660864484381921,37.1936682901882,1.3361694904492138,-17.730512815130684,-13.654542064077795,-16.003010955465403,10.821702146086935,3.385453085170111,-2.8496058869628826,-0.9621841155574822,5.589568403007962,7.521158017173439,-8.279286284624893,0.0020791979164595503
19811113,-71.8539428705978,9.264996758134634,1.8220878967393634,37.779107675130206,-0.8046171873156119,-24.954532701658042,-13.716611325246978,-18.484426746343917,11.3380508737719,8.083157304799087,-8.586422969172888,-2.6246091077110014,5.633883451038228,-0.8325335139132422,10.926034393894938,-4.894535179826489
19811114,-75.43720597957757,8.678907629136766,6.0761312618548065,34.97161535524714,0.056008374014335595,-21.548416969506288,-16.654116819363104,-16.202521113012004,10.949675476890258,2.005736473908711,-11.292815526025583,1.0503996191659677,7.60693365769182,4.99824544991515,-5.8336251864121484,-10.700992993666812
19811115,-77.47454631110578,7.06269846383167,5.716217912361011,37.683330938679845,-1.8284612561507412,-20.409440264967387,-16.73447267746056,-17.29409288005022,12.639734449553771,2.2379253972111663,-5.184662854667223,0.9744438011055364,5.218286193595433,1.085403789445128,-6.195911981272819,-7.4459688595705895
19811116,-80.72308384057635,5.593251452045952,6.349819294988915,36.85484548549213,-2.1395503257011717,-19.147350646642533,-18.046922925751588,-18.952272356317685,14.637493747444859,2.7496211712888465,-6.591768240369733,0.9375959344507931,3.955761965697944,0.5383950697502786,-6.420651514577452,-6.269610065973135
19811117,-84.00237722113962,-0.6081891908394371,9.926137977118225,37.06235984252131,16.020978951086274,-15.30243298076653,-16.48123396541317,-12.668358182084617,15.803076464620982,7.154272954611031,-4.144063118639448,-1.0708402597613083,4.839543753506316,8.247459298076107,-9.045079144248541,3.7072765330173594
19811118,-86.59667746317622,-2.0676175794769662,3.333025348208717,36.443542428172776,15.64728870794578,-18.910804517107596,-16.332430747199712,-12.865916862389096,15.790576739597888,7.571748902544186,-5.937994929621953,-0.8278225427411781,3.937466214788007,1.7832551226746078,-6.9321447077490195,-4.944053903415475
19811119,-80.7186639109951,-4.984457085011824,-2.8695074645795824,48.64993611640688,13.37907612241299,-26.137521776149157,8.22722285346627,-14.606548621600453,-9.994014428784993,4.322289916049409,1.3353840741270726,15.908638693952952,7.341143377969244,8.037113388094735,-9.805671336609707,-4.0732360970308505
19811120,-88.08874654053821,-3.298252824305258,2.09250924537105,39.29080857414671,14.440138521650297,-19.71095774396086,-16.18085078689943,-12.387229431478023,12.113652976730767,6.849053845500112,-7.418196082404158,1.7261888991869534,3.6277780580875487,2.4160047509769176,-6.118384587533184,-4.256759072788268
19811121,-89.58649510012833,-3.535441736256162,2.8494569585020377,39.99357495870618,14.250592085156896,-19.224530990478826,-15.757776467368624,-13.002847904999097,12.523480196834242,6.800950409914663,-6.806137540511097,0.7246655966527392,3.975993770114453,2.822998180513144,-6.413606539216363,-4.254158646038806
19811122,-91.73280586464541,-5.258714246832572,1.5895992040943048,40.32079934554053,13.18799096864219,-18.1943073008788,-15.786426376406485,-12.4220232935538,10.917809211173777,8.057050591446378,-7.618321196665658,-0.3349288973409439,2.440509040284047,4.604210264991611,-6.246296988554371,-5.466737824285954
19811123,-100.0388331024856,-9.17926579242285,4.898117557280399,30.0508419897142,16.86284229303509,-23.70159124865536,-14.40410196169154,-14.634798615819761,6.3286235277595,0.9577002964173447,-33.20637294447733,2.2246827516214336,23.945529201368483,15.766394219304932,-10.59183486079296,-9.544791376700656
19811124,-92.8998262674467,-12.851380717498582,-6.706993273188611,21.79673557268103,9.052143837890533,-22.41075995546289,-27.071452729883283,20.521898308454425,-8.2169298369742,4.183431027587066,-32.94702796693519,-2.3834189677543556,35.95276269844003,3.142534220331925,-19.302538689871955,3.910807545987258
19811125,-100.12689028306465,-10.916542938404149,0.5439687594058906,34.02726034279994,12.053781097546878,-27.218473022019968,-14.47481547408036,-9.585560158510797,24.584646676155366,0.15500070915454517,9.632562482701353,10.57281045723019,8.919418482312203,-0.8894078541825824,-3.8019027038785014,-1.7998635635775793
19811126,-90.99759620659133,6.0592380571809175,1.7243011824353742,30.872317019796895,-35.230475549021925,-23.89842358217824,-4.938868011795088,-16.130291582184658,15.833826677500532,12.014081260699353,-8.89858926374501,-0.028858951106557937,0.35817032445374747,0.5246147415718163,6.266600538085799,-7.425438173175077
19811127,11.831431810438406,-5.779717271398366,32.76294177865704,8.300948405321483,2.04731449840418,-37.64027069376809,-7.285631101316932,26.42001390795905,0.22256192065058364,15.904800517709752,-33.32972602129227,22.919304694961927,11.14219380527885,-18.35961602234269,14.256575898428363,0.8621809853993945
19811128,-111.51606323752839,-13.766543117099102,2.7903992154824087,27.251977486249377,17.093123164136856,-24.829135728894947,-16.220540180683713,-15.001840465328279,12.975032494833513,7.519346776119065,-33.36785843893286,0.5702082912929411,23.321797544404575,12.654348266929848,3.6123323120314006,-6.4740043587984
19811129,3.1953287695375145,-9.564934419267958,42.017303152359645,14.374879683652802,3.59934724482598,-51.73772934226166,1.1849446131438306,7.537331880120182,24.129901814001375,-1.2660820191179658,-2.862011276947598,15.996476327196747,15.859046174521312,-18.946947312198258,24.090427617591114,-6.272050471999898
19811130,2.4063818704950704,-14.381786288720521,37.13121862729635,4.564989972408915,0.6371174330338583,-52.26752943706273,-1.0293737585506324,25.918412108065308,15.459645295969962,-0.44354101918669775,-12.948914547713692,12.952566260996802,31.300668131572998,-23.28614010963181,15.238200657442587,2.4648587724171307
19811201,118.9739980211846,-7.905237466177375,44.928844623250725,6.128145352602193,16.071600750121526,-17.704954662333932,-5.19415904645948,27.406337351198193,0.25812293691734656,-6.002472740258606,3.945235487489263,7.391533793524044,-4.312790965955575,4.7986879252582835,-10.674624733187699,-4.324079499347383
19811202,115.88676072173118,-9.290597945235353,44.10612749841241,6.805768284869865,14.21808236747058,-15.845567632599838,-12.080067183129604,27.164654124216977,-2.011135899000038,-9.46851752430809,3.670333709916466,10.486688042209732,-4.9900930995402515,6.5391352202263775,-7.7859104892296,-5.005036240070728
19811203,220.2655495973348,7.031741851393217,-21.400803470144204,12.760407871374612,23.01280254496029,-17.627760122464995,9.169813955151037,28.233165601275015,-0.3043226433075267,-3.407865829877385,-2.4281141555604977,-5.496978980548692,-10.55604495020526,4.660316381526896,-1.7218062264105762,-5.735736490115032
19811204,112.5848713950565,-11.006749958699205,34.95923487948602,7.6798286012463155,14.336738756294368,-18.538594374830755,-5.034392938456208,24.07903178962802,-2.8484007927030945,-5.992829023931985,-0.6154647966633687,7.864288908304748,-3.4583086930795104,-0.5808701367247847,-9.55301583062888,-13.708836533390947
19811205,218.80499725671777,6.4875363866597775,-28.591508428569608,10.358164210372015,16.25310896950383,-13.615284799946805,-7.583785308704976,15.15942501931462,-6.115888606743159,-7.832184448825511,6.197780430394729,3.903339258063875,-1.5592455660352016,9.571262944510334,-2.3924978284225467,-13.772519184814431
19811206,213.2416173460384,4.654948109177032,-18.26538229038471,11.578264947044572,18.277836023191522,-22.8480679139996,4.815160877871005,29.005517285015898,-3.1504669903287152,-15.672746564670843,-15.52605283089576,1.1872913095724442,-6.784047884226243,8.724835451900486,0.851716040465479,-7.0529501157534
19811207,215.34086193758353,4.78876557046129,-20.462962543506546,14.448136373232533,14.794932788215805,-19.92097419759942,3.8907733816799084,28.480407057207678,-1.805120035957229,-11.138782153056379,-6.384090849816254,0.7680010093234446,-14.61007429723272,2.402239534268674,2.6995645971292737,-3.3329067157216925
19811208,211.84492865737437,5.663716523397014,-14.421696033321261,13.922846928375165,15.307586180035276,-23.553768131648834,14.929152016715708,17.226808405763748,15.191592176026694,-13.85566362545776,-0.03883355765279652,-18.002663601521043,-10.640844345927187,5.482715830140215,2.341331843213175,-9.810317365120843
19811209,216.33066994421924,4.546049706353231,-22.28453922245923,12.521288901740277,12.918565448835833,-15.787809228648209,15.681224743686393,27.253493228379934,-0.9754752026951651,-2.1429172009016217,-5.392838726065484,-7.155784205868314,-16.579795004745655,3.635825094346161,-1.9108576234286063,-1.6186185627037328
19811210,212.1153939432478,4.380394891958382,-20.7027326944243,9.872450267611955,12.755014829064338,-16.45796764611717,8.777381239160398,27.544028035538133,9.258756443706826,-3.5485659107348124,-5.609412210761282,-8.173325661772084,-14.367858276776138,-0.7518810428637699,-0.8737925422612051,-0.8579418613212327
19811211,208.34571814526146,1.0064366630575348,-19.248587999211836,15.405840722553792,12.176681635193638,-16.885443885645333,-1.476088885338627,27.01941470418592,-5.595527903772215,-11.7967003965128,-13.163801815265664,2.349165339091642,-17.371309017844048,2.671556815333812,4.466268097216565,-1.5130298625628646
19811212,208.19126995843587,0.2605735715450161,-22.63615995188134,9.753416145336287,14.463168776548805,-15.309714761729703,10.405006260149525,28.035456931128202,3.39292998244203,-2.0397462430708084,-7.246018794735693,-4.233780461795704,-14.870381361827674,0.7958451279921387,-2.0021114785145926,-0.3868741233883012
19811213,205.7400166310584,-3.163677097005345,-22.01082356462158,13.844054356639594,17.083254123356607,-15.62233752101746,17.395926709406744,22.16189875984874,-0.5998797892196713,-1.2431712100509247,-5.617142438462784,1.2842513843731926,-16.807873276291446,3.7947730144424967,-2.230207337086873,-2.030060957129733
19811214,203.75389682161756,-5.79711038581516,-11.345025958044788,8.687375485845779,19.597962896096778,-13.65820924820806,9.740555088085028,29.23759712544477,3.1087544336230564,-6.374416392537878,-2.3154319451482452,-1.048895686337747,-16.067348368631166,-6.547137676114553,-4.542102134311656,-15.216376876286525
19811215,206.1484961394885,6.379465533528542,-21.216860546875843,-0.5445083796742137,-26.604393833531756,-14.865124083106542,20.743186027590422,18.461439504560897,12.791368257490685,-10.558116042927843,-11.900419070695774,-4.371977631857628,-12.849959592193036,7.075970232736219,-1.0765715520402488,-2.57509713026367
19811216,200.15223648015598,-5.9937302332164935,-23.698086812543384,8.077924807562246,18.08438603474807,-12.470696935042625,5.640866812040188,17.350608267199327,1.4429695006315564,-0.8026045760212079,-1.9921270260676813,-3.505148493400775,-6.3065638758503155,4.195212640922194,-3.0531251289969497,-4.512717757303589
19811217,196.0715169841198,-11.023016571809583,-25.725906372703555,12.66097982030732,38.028234755647155,-9.341013402764645,-7.276403998437093,17.203800666452256,-5.890787164775858,4.88350101530792,4.251932876390594,-1.0419240035805102,-4.416626373317007,3.3058754809301583,-2.3739850689877793,-7.220810548905471
19811218,198.78330528353814,-6.692163987262853,-26.13223298745728,3.9749994205993637,15.813608836918412,-7.669793940571577,0.30344468558056675,13.823241509830163,1.6234665056240072,4.180147220593231,3.5307961515265607,-0.7414557836739303,-1.2323998779432348,6.059554720408706,-4.258850024137074,-3.8024831379760706
19811219,197.4348811641186,-6.086542893327898,-25.541308246476984,3.2309197110578873,14.738907483230891,-8.007246372753533,-1.2417102826855724,13.29373382672668,0.9423975972768641,1.6057235561636796,1.2435313387800537,0.7327102116439577,1.1286103436955426,7.828574592955145,-3.4848772657748293,-3.7072634599068093
19811220,192.65061101761154,-7.724190216543997,-19.553160626188014,4.7890202078015225,13.975411404747792,-10.89560279898651,3.0970614150639344,21.818281694379635,9.663410245905247,-2.8688695485108173,-8.54336337667508,-6.58512836649344,-9.89916081590898,3.9911232530634724,2.4464330377804173,3.6815829382999192
19811221,192.14507414172033,-8.902068908420498,-20.41261694424518,6.8316221760185725,14.902410717074861,-13.452395664370977,7.397302463414412,21.485649534435744,4.506753099501979,-1.3204610139877033,-6.700379896590211,-3.0411248115846243,-8.79980251037116,1.0662353234246913,3.0174735597967235,3.2552774805894833
19811222,189.30312852920179,-11.471774997595771,-21.482787037904085,6.194747586116464,16.09076042269532,-9.5824966660859,5.542722408504798,14.037507821013465,6.206463267213712,1.0811271419007464,-4.6954442586257805,1.1774273894339446,-9.23012621618303,4.142585588542639,1.4849858418252175,2.510881664112171
19811223,187.28694177322876,-10.127426196391617,-26.192317919997684,-0.34656250406458317,18.064305697805036,-4.408658092433606,-10.918446234421081,2.3385792796270306,5.8581054361803115,5.620776715317851,4.289274261681106,4.302580800305971,4.543684624537469,4.3385362088017585,-5.899251407421615,-10.359329982742524
19811224,188.1547176009271,-12.25011680847568,-27.695933184630757,-0.30116016135158447,17.265012894218405,-5.176430331578042,-9.164615797394701,2.8181526360558076,2.4374721561766646,4.226546591159802,7.126819425503084,2.1603663417037615,8.576808154695525,3.7950943830510724,-6.183436472510477,-9.221176634514846
19811225,182.48320068418568,-16.286922503843183,-22.32452394774452,-1.3538326522230553,17.01481033322837,-15.09291995257693,-2.1413259468494386,5.511538598778219,17.51790541237356,-4.388879107438022,11.265130959827156,10.925403234292983,8.20590121396341,1.8355608823470373,-4.22961664289715,-2.5168158681665007
19811226,183.82689739608554,-14.732143171734311,-20.140692986596978,3.989067718504885,15.276392532544264,-7.125203717761559,-2.3719948424274344,-1.0578720521655658,7.2131679917592155,-0.528024735185042,3.434570015914021,-0.6154899929124137,0.8251856175100971,6.129527833700624,0.6285039647791888,-4.495184669678386
19811227,183.4880051195321,-8.30497272147603,-8.145239540490474,-7.070943359345581,-24.890511094993688,-18.831999277179357,15.800043228808567,6.452812394511446,30.590171067657135,-17.889726707790015,5.572380625633593,8.758736873532346,-0.1465188184552104,2.3406750967961583,-2.075185957152222,9.691003843784364
19811228,184.53949902660193,-6.581945627828425,-15.59590267900428,-15.13588362625034,-25.829377566858078,-8.874490802600693,-2.5069597808085047,-4.6721668618055725,27.37112190897866,-7.437878003910369,17.53258869474842,15.499620245197287,14.748101303101526,6.4415036037937226,-6.745009996530894,2.6439018598077872
19811229,185.16852992034757,-6.139130558889921,-9.697013600190358,-4.393387534115235,-26.72543896864545,-7.01768103240925,17.543734340564065,6.521495468954099,13.598771658237439,-8.205546894257031,-13.113692335776815,-0.7552065251028044,-7.251188068020224,11.2626992095802,0.24855678293052355,8.924354285496653
19811230,187.096339942054,-7.874788035795848,-7.206169477591548,-8.174588910338725,-26.30472855945488,-3.673653537498682,6.643795354072381,2.871909082051175,7.4838371102490315,-11.063348363672102,-0.2847055515704265,5.080568217124336,2.705219773331635,2.4686401770325768,-6.079951741583632,-10.076045557637185
19811231,183.40492216056046,-4.569142198223425,-11.163592556487075,-6.587560030367568,-26.458404940265112,-6.374476531944131,1.7013164323113357,-17.78938474513604,19.112172402102466,-17.6043993557568,10.614581849329564,-5.970549742627824,13.821050579601323,12.631817647333948,-1.7730337381589163,-12.864846422048108
19820101,178.42717930051467,-7.150106531332198,-7.34978251510659,-6.081059520761249,-26.329699404551913,-9.636529122435256,6.634478115960764,6.507187074096757,23.85145787984116,-18.239833293552426,-4.987963368473784,9.74897709576426,-4.1214717146948905,0.9963284943584709,-2.189702490971203,3.2303307793998406
19820102,181.0244667621619,-4.69248774266079,-13.52610261239326,-3.3365122199688186,-27.224329112385483,-4.7946322467104086,7.873168693650446,6.796860260715203,10.05189005206572,-11.093303881687577,-14.269451251674417,0.21982592865696415,-6.5508208866253055,4.635270660325349,2.2574495642767514,6.351234540070362
19820103,176.4171144279958,-16.20128444429852,-17.992281298925562,3.3144294721204344,14.336943913804602,1.3060762619375093,-10.734212945839916,-3.161717953578926,-2.4020873978873674,-3.149288965612145,6.49461720924741,3.136291915510758,7.115997853563725,5.651992639476747,-3.0825491239268654,-6.9649356101303095
19820104,177.79447552608727,-7.6208501727761595,-14.366159445635132,-0.8469112268426308,-28.256765793831768,-7.056400599699421,13.862136619291801,3.94288699934718,6.522588741531753,-14.36607548576183,-9.646358842250665,0.935774108050159,-6.238753244616588,7.768106664915845,1.6710559826916398,4.754080209506713
19820105,176.34197620628564,-6.820212999924462,-21.145632449488286,-7.511430514233,-30.571615157707686,-0.25742586338640766,-1.0986081366849707,-8.564708582254706,9.951126833813339,-10.735701340508127,-2.318095603132123,1.9438977826528805,5.804952278323473,9.860389222460324,-0.9344688696502201,-2.8154255385837166
19820106,172.39780974571602,-18.098784754439425,-23.607047519008034,2.020740221078937,12.928896464452647,-1.1350853058016304,-8.843513363135395,-7.935431841228216,-3.788629329004531,3.0588967364589763,9.122728763681529,5.604037008842141,12.487036714942832,2.287783469004281,10.148217111927561,-5.946659628728259
19820107,165.54610375501375,-20.870534942864403,-15.90732779887721,7.4738619016492125,13.972622228731007,-6.127726475095693,4.296830936823747,11.219197259272804,4.947634374638954,-11.342470801077233,-6.901004790365825,-3.8596810415540763,-5.3291057895114315,3.69517311889886,5.320207857607458,7.520895155232659
19820108,162.86335205705163,-19.596711675671987,-13.052759267026367,9.64777201346843,15.898639814293789,0.07709948696888405,3.935957360779618,8.926327796054245,-1.363507196455377,-2.7324466620689667,-12.635151062670843,-3.8591643574309535,-13.486723591825417,4.656138030030128,5.347156199830359,3.1942135661655975
19820109,162.6711590927931,-22.14035308195686,-18.397294784962362,7.17963093519373,13.5171272271274,-5.0627228639954875,5.87302132788194,7.9778136114287435,0.5370151131194613,-8.38975883737407,-3.3721074150964765,2.3562493882339623,-1.0599456760464339,2.9075759950103937,4.656451025175625,4.901531810191115
19820110,167.95481229254264,-10.994123672930863,-19.54166798764604,-6.2337664407153275,-27.563001092058844,4.563038453832222,2.7227622199690207,-9.938306424220478,1.696543068034542,-5.361960329221055,3.1647874813474024,12.096876765478914,6.7216492742495015,9.19298341140211,-3.1260987795919024,-1.6576387517406703
19820111,158.7891782557924,-23.550957041529237,-9.048445369255461,5.642026579739476,17.223612347708876,-1.0640103122140945,1.185410027033858,11.979968218637516,1.1001476092552132,-8.67703299818822,-0.7692605573593025,0.9812005568030965,-3.916289105311608,1.5559685366792897,2.2469718281082085,4.8085109435249445
19820112,159.06736850936488,-24.444269181270965,-16.735453218874103,0.08028962397288203,17.07996844361124,5.696380035710239,-5.39575506769424,-0.2115265685622989,0.5517059030372253,0.3726684317222793,9.399775913243683,1.1841690517155183,8.013034233896622,0.23871214993999254,-4.926311669460829,-1.4486317333334395
19820113,160.13789577584305,-23.285722094903555,-18.022887105826975,2.042058733008299,13.335763112539727,8.77386591142706,-4.643571645454556,-3.3045611642683994,3.9964281944940345,5.494339414935497,16.165826521595715,3.3753802640459516,-0.12749717786860265,-2.103255628055419,-0.9544016130349678,-0.48512122859953793
19820114,160.2665959598673,-15.617398529545769,-13.5187588488047,-13.02542000939789,-30.258193640833454,-4.403944860287021,0.628491145755725,-3.1906606722514845,19.999279124596594,-18.96137367617435,14.481094974222946,16.975456349283245,16.09842283017762,1.6303162734044814,-4.291516732877543,1.5097911441000096
19820115,161.56502564805936,-18.83014673881658,-17.008296389134614,-0.7031461724998457,-11.738234477075974,9.113337892894473,-4.676755631237243,-4.107190617575527,0.9122026325097131,-2.516955881687889,13.301716024897852,3.5232989805681787,-0.23014483000498961,-0.8684816168599,-0.16848457697314223,-0.25918358680557346
19820116,162.77626018948695,-14.262821313031347,-21.87257689122045,-11.0841982516835,-29.0941284028004,10.317858499825956,10.399962801565962,-8.753757328692185,11.665910174486775,7.183590943910986,9.914142651543106,-5.86533018048504,4.057120685332919,-1.7993290335124432,-7.7630484420228205,3.736919718942314
19820117,160.96140362944587,-15.47456538419253,-11.408941039962203,-8.810857405710037,-29.95142139129154,8.05937983063028,19.123006042868553,-0.18155325729825303,15.677561035787587,1.3936911832080296,2.275877763735038,-8.635832010758039,-6.285723564419337,-0.5828627267815643,-5.444897578267801,9.660837795693078
19820118,147.75954254884172,-34.30824642501478,-13.189643597826107,11.257597495867488,33.89502975563639,-1.185358497896576,-1.219711039191343,8.03719318878686,-7.82528867707896,-3.153676801121447,-1.6895243798137212,-1.5430422585454722,-1.4193971939702765,-3.7893079486108054,4.180915304390699,3.181311063436842
19820119,158.37552921629535,-16.337414227752248,-12.755112986627946,-3.4288165391227907,-31.036738716706893,2.441913720582322,6.8089411405305675,-22.934849594353018,2.4585667333937873,-13.831001666645959,3.871042478550867,-5.282325282562888,12.369652462641461,10.21705700115797,5.282416112266016,-7.924432254893785
19820120,148.65373725293014,-25.26325976948414,-7.5976137834124495,10.520340031293246,9.779202476581744,-3.292817441773054,7.138239036717821,-5.812820647666932,3.6194755025546406,-12.051902083713982,-3.680222343177654,-15.963531924966949,-1.2031657023757987,5.200983116668742,14.060454715287381,3.4837088130965177
19820121,154.55655133603935,-15.577644187073028,-11.960947605121468,-4.549789625250762,-27.993480826056654,-2.282578569683234,28.095268098541712,-11.588694668239071,18.139889927741454,-6.859902852001858,-8.66572731172179,-21.744059284189984,3.166892174615296,3.577635383048063,5.022771322964765,2.4745154848955995
19820122,153.9098790196145,-16.24126433950566,-11.33317235018296,-4.5715931339196,-25.88415512407948,-0.6658684767493577,26.56350712619432,-10.009998985819747,16.533303207812143,-4.232468802580666,-6.3216385230777465,-20.578092147781803,1.3296468285216199,-0.5255023775637526,2.6885534132039615,4.146625114962048
19820123,151.65843108811177,-18.425865675494773,-13.592295910614249,-10.750340833518475,-27.26374944768312,1.5805282844002388,23.047631856502264,-2.914505100195633,18.203995648705185,2.524463805403712,-10.195670300935314,-4.429973698624285,0.4951411250289851,-3.9324516567988264,-1.5681921341429659,10.047832735586256
19820124,153.53181256864485,-16.908075773389715,-10.427820236728309,-4.990401760154317,-31.401104034465362,2.670875887616357,9.834610726514693,-1.1067356927961192,5.865404057034837,-8.622650204707066,-12.93735006060782,-3.4243060544305974,-1.8371872212751013,-0.7720766235685603,7.628518506613586,13.688270822739602
19820125,151.83948791523903,-17.34012766130805,-7.265953746306569,-3.8593390911304266,-32.019233868611515,3.584974136879863,7.762034699531072,-5.024425366974848,6.137050854651882,-9.746322703107987,-15.274449894394134,2.3868442951861257,-4.956698540930877,3.2027448963553145,10.333140436865811,12.559643076931716
19820126,144.17922184534964,-37.33573466127103,-5.828241286525633,11.201335553547645,33.11128970423058,5.163338687438082,-3.821079985412945,4.276488422626705,-0.32844234204469996,1.2456895136684356,4.6945530610798905,2.930570716190709,-11.54174377632962,-16.359995252521852,7.869442446686881,-0.06240433493412583
19820127,148.13140213854993,-31.088820571783145,-11.427697277048074,0.9290116419165619,6.842874016411662,11.938702097288397,-9.1088494454633,-9.71754791055116,-1.5735158614946068,3.5263394673804878,11.935486207668523,8.489816114942418,-1.0022843007480584,-11.495403599957534,1.188861552534221,-8.562843580717535
19820128,152.22138286882074,-16.516668435684846,-8.82360885951903,-3.460516823842351,-35.81378239977764,8.53398993676965,10.40258570371754,-6.044241545929889,9.802325487687591,-4.501346546511125,-5.496637246822109,2.0000699201210983,-11.940747350669541,-1.6243856725456092,7.093721397080457,14.733175626840026
19820129,142.83210350159874,-36.833868635016366,-21.532694553422548,5.080288046601221,36.51002665019789,17.584845593462784,-21.26648109132011,-5.277998322363361,-11.889618219848181,18.08973736189524,13.70167121907423,11.132939895924375,2.56319560698764,-7.125683661736749,0.26132569131710304,10.193569130100453
19820130,144.73823485395965,-27.423914247358457,-13.706455786927263,-2.198732011147576,4.003618618883871,11.078673828279616,-8.35044727901689,-9.394944332687851,-7.160636111419723,1.6771017029199256,0.8499061671614441,0.8961449722533589,11.817550614839881,1.6306226983997258,1.3812630621914248,7.470764961268992
19820131,148.40046882425284,-17.46833776454885,-15.474120678130355,-16.77485639905043,-31.106887708909866,17.359149297114538,8.70988776582751,-18.36774611532501,11.253271383057834,8.290798573500842,-1.4754245786045157,-2.64640170148904,8.742105591731429,4.148404758350627,-6.360648477082914,7.088887707512478
19820201,136.97456830791313,-36.410323748533884,-16.108042869879636,-0.17730038839461523,40.67072119360846,13.885790603102853,-7.1539643210776,-9.519857962234552,-2.1113536603925005,20.219317611902344,7.156387088206014,-5.3440792131877615,9.632190851104685,-3.9023798736679227,-4.389187484931192,5.186453013925116
19820202,136.1165099705206,-35.06376978978451,-15.402882083531418,4.990877467506715,31.57197155064572,12.421260095514418,-20.68056801461283,-10.619077920810508,-9.108146911281867,7.650289993748562,5.145644423684865,1.6530782311631977,5.386859263560686,-4.609073995217276,4.727134338423931,4.6879139592375765
19820203,147.77204593447735,-15.809684804290987,-13.559521588446529,-8.046417455201233,-31.059650177576113,22.91072446199968,-8.034407445779847,-21.072853536373216,-10.9849291517489,7.578395107478497,-14.451493839985018,-6.465064192040144,-1.7904127709874025,2.5465547748374298,4.045304897362093,1.9652519956989012
19820204,136.13950780697104,-37.017625509437444,-18.410432588435047,6.424647960001504,37.52520980117928,12.046409900792034,-19.81236385797401,-15.12559837020383,-14.402522607962334,9.407702644940006,9.186046604237784,3.00498834467314,10.493808660322888,-4.4165070996735025,3.216527122338202,0.36802074359192855
19820205,137.89261860685406,-34.803313903699085,-17.565358079402785,8.56748770963744,37.250036065437,22.458292886180594,-23.281205446686553,-17.16532481788382,-23.941963111863306,17.294576714566112,-2.036427270747115,-8.475655455234488,3.476729630704002,0.2711465585691213,5.125195200574026,-2.096017348337092
19820206,133.26227953268662,-37.73795820477822,-15.072848516161864,4.989035742154408,34.11215877531735,12.975856676861037,-23.22598544410467,-16.518925466416288,-11.155438778797196,8.574900619213295,7.55070990951055,5.761942578822498,9.422047055861373,-2.936140250015726,3.647392066529944,1.4905286895830652
19820207,144.23753024946717,-20.003630306902767,-20.42641337364225,-10.265410810645305,-34.69185188474689,11.529747768504283,-7.872631901728507,-26.577492792445234,-1.3013349396351321,-2.548049203543112,-5.279683925118279,6.326545851958397,11.219981643404124,-6.148419109822899,2.167997406137919,-3.4293753504291082
19820208,143.99052188736843,-20.285480855676298,-13.248902620505653,-11.862856632125938,-33.93973651349421,14.615487071028904,-8.914697068376334,-24.280053977195305,-2.8176583080333417,-0.8485304351708973,-0.7011347737088951,6.9190260950145115,10.921930156875028,0.25724331581454185,2.9375378548829,3.4583621222160836
19820209,131.2251631694003,-39.56125782785265,-13.285483530180748,6.325473382113955,36.440141899025825,11.895292963220589,-19.364281552361277,-14.338734962623214,-12.119475963426718,8.422490566173654,4.953289542509185,5.397202956021289,7.4086959866816775,-4.471771855306346,6.1793829569252745,3.988913207912545
19820210,137.50799621060875,-30.012357311808163,-16.395601157410187,-10.345810495944113,1.5425859201331493,16.89920340755144,-1.372775780245739,-20.86004008543021,0.7673567737339277,17.271644474179094,6.835689998903482,-2.52816340674177,13.501317933236667,-5.2385764005967825,-5.478712244118599,3.1661455558349205
19820211,137.3943343065456,-31.33342062080718,-24.593547964699454,-2.606279435603926,1.939779700107489,18.225141180091388,-16.704585705896704,-11.390883502745101,-8.517909611997924,16.23381674120189,6.650133229369279,10.068718138973535,-2.4342263163473983,-20.24649951971243,4.013568391496921,6.625421590666909
19820212,135.02600087565145,-29.972887596608693,-19.95998164508607,-12.171995390597935,-1.5561405567039914,16.857188301771806,-2.444855410936049,-20.0834631014921,0.6974693951350849,17.2108553815831,3.1033613195123566,-3.2947875984692856,13.244721000087376,-14.070895818641095,-5.159283411686164,-2.9399504306083495
19820213,132.2502930131893,-30.909686845683066,-14.088329690182128,-4.978004143456855,-1.6808105170964642,17.604476577994014,-16.149256711196944,-22.098245154260525,-6.664627408131449,6.416750429172045,2.7487113251410578,9.272131553177818,6.853032473348687,-8.155251346263638,3.5552999603242097,-0.5447312256973894
19820214,133.00094232606523,-32.59569873148683,-20.32882901922183,-13.591662015858846,9.097097904229594,21.501642085298354,-7.080562890279286,-13.388128476948838,-6.30240804768102,25.279650169201417,2.0889907128313734,5.1387064166045615,15.60968262111146,-10.136686573131565,-9.073310664952462,6.525306239589736
19820215,136.6147792907731,-28.168802361289305,-18.540008391707886,-0.06975990904358446,1.0726839720260362,29.02131461597955,-10.881265543658472,-28.10224546593005,-18.31959303662396,22.00624716884014,0.9727075618984622,-7.868671055259018,-0.9036587977737307,-6.681208792939136,2.142030369623735,-0.6214751299817918
19820216,128.53490492422446,-37.167183232946044,-12.828788693277767,10.907820196109224,35.07777992396271,24.829345671410973,-21.69963450853531,-19.180709359901464,-28.286111450704777,15.832708408420618,-6.813975852704979,-4.721375149572535,-1.219886704814593,-0.833144592989527,7.720025819854475,0.5345690467377305
19820217,140.7724979032357,-16.245241090761777,-11.426580072928845,-9.69872940712257,-37.44344425272431,28.60404859396086,-9.598003778770051,-33.16897232625871,-17.848057010675454,9.943784530661887,-12.674914415649948,-1.6152327349869995,3.877264698951641,6.148346349520424,3.2308914180335844,-2.3313151630024156
19820218,130.53783905714104,-35.90098437916008,-10.053075446346076,14.809482485140816,30.69559800700672,23.3709038847192,-14.954736349554246,-28.642687879298972,-22.874886437628145,13.842357968917902,3.774243414464878,-17.1014456439242,-3.7549179850110983,-1.7284075880540384,10.843080530662048,-2.7739823362223284
19820219,141.83911123045675,-18.677019724143506,-13.322863906338743,-6.659769366625375,-37.636274911860326,27.078221291621865,-4.851368083622505,-30.681358113215712,-14.486827548337336,8.664035461699294,-9.551998978707896,-7.853751181254741,-3.4763293791910255,-2.2902937101816008,6.337575153603346,1.8725784656599385
19820220,140.00797321085017,-20.476223588219597,-16.201909279291222,-14.0212513932391,-37.45942685710507,28.7891354398495,-8.965941888587666,-19.55953388325696,-19.097411720177977,13.007127781169709,-20.996216881655034,3.230861806766567,-0.886241608313542,-5.858721610653439,-2.5740095019370273,7.207324853257591
19820221,136.72072986735154,-23.898902558427512,-8.96547422762867,-11.902730492777224,-34.49742508230957,15.273946534371497,-3.6271500092405566,-25.937449956955223,-2.2340698166803654,-2.820115393593507,-3.467276594691456,5.47603877324927,7.23037876926135,-8.491442950567606,0.8953090357013618,1.9412851448391342
19820222,126.87133638953229,-40.57799182771908,-14.072403896090622,-2.2139288644047013,33.84380751117483,16.105690914526907,-5.036173878780756,-18.002766118288303,-4.1824367118898085,21.03567363570259,7.325909270200883,-5.059881337050325,10.41660415584149,-10.626537520740555,-2.90357890145057,5.806691570270195
19820223,135.4739831803517,-23.349484580928,-9.535541218167642,-11.633893946894734,-31.533306088013873,16.26724547001864,-6.529020146543157,-22.958202406918133,-3.640641141231196,-0.06682883745821432,-1.3035749152034204,2.5141020916800505,7.198915110496409,-5.517766117426784,1.8559472053192316,4.392906776754661
19820224,135.83763528209727,-22.45324903787896,-11.156658780061964,-12.173416559760154,-31.026197194260387,18.33644812816468,-9.054855695496919,-29.837614298938483,-5.123138720841333,3.740432869009951,1.4698557320993284,6.801175484158386,10.414751208070356,-5.2193988110859735,0.6148324954733677,2.1665286343915287
19820225,137.0885297486928,-21.43866744962252,-10.269623368362554,-12.556658930507293,-32.83414578010361,14.5032258079319,-5.84652528069806,-22.066385039005404,-3.242308605513155,-4.029529086998247,-0.4500036482062689,0.3597608783113041,12.120985126469728,-6.756274678199633,2.8441806852331397,6.699324295533821
19820226,13.97171069652028,-59.98408744720623,41.47825300468404,-10.501497886262976,-2.141672037343782,-4.113131508099024,-2.042198142325642,2.0441882975290477,11.854537637136712,-8.06506571408365,12.409589406430086,16.875912678450593,8.592826059547377,-28.517769855282417,-4.068235599813158,-14.753372739269336
19820227,20.112501334193116,-52.33091060907104,60.89383109680301,-8.593456130602178,-0.8391744592961347,11.127291560935761,-0.7604512850988419,10.763032594878625,-2.94261323541026,-0.9369016706149086,4.942755452779495,3.3146679079315398,-6.0044177463979596,-0.19525643748113072,-3.661828190633441,-5.6535260811926635
19820228,19.71800608395753,-51.71043711560525,62.80336269179868,-5.536972827353208,-0.9027886596707142,8.98322159112823,3.0633412918043055,3.2699299304078977,-1.706289778176224,0.48215030220149696,4.676006016112434,-4.064534458848079,-2.4407874822022744,4.199938322695371,9.971145908359004,3.381530952452347
19820301,15.721671921506038,-54.74444310994851,69.57170578267663,-9.87493873588553,1.2023046248726865,7.548005663611286,-0.14297845470613893,3.303345177073628,-4.868453170373705,-11.826748946502963,-8.040935624304742,-1.066650726977974,6.971132454110086,13.606483984534629,-5.354651642312439,-4.303527780209243
19820302,13.757916008567461,-57.46380524297006,46.28369504313488,-10.732053150251867,0.5680810967367274,-2.387384114636009,0.4446519804944441,4.497258560697888,-5.417425962607062,-5.597257835479551,-19.997821938035532,4.197972010155696,8.838921190819581,-17.394928157566312,-8.588727862304331,-22.690168105629365
19820303,20.65162262034606,-57.65839065763259,65.51353933566122,-9.981013923572764,-2.5577959375255817,7.187873272407435,-0.11154663994689426,11.14694362115457,5.456849289806795,-4.883058438216037,20.209794141008242,6.843294024270438,-2.9128504445807715,-5.8585281351783545,-7.6681370922979895,6.850905429115343
19820304,21.239704137521976,-58.11032091930155,62.20795847838215,-16.46277382671301,-2.3319237765261405,5.035396704247294,-3.353921726533148,18.32070905501247,6.1151543349810416,-1.3829665104912843,15.736084142280932,17.04017462787593,2.310559960821023,-6.605533488278412,-11.247885684286397,14.759600712332585
19820305,23.539160692565883,-53.845523538456554,65.70228739275986,-8.095777799440649,-1.9538036856306218,13.309751220318564,-5.428144288960022,8.621678828935888,-7.002809181848992,-2.4482068322933674,5.8042439865755995,0.4825587465136535,-7.104464224158514,0.7069340596747762,-6.437225900403399,-0.9185444223865594
19820306,21.42804649805559,-53.396065426920536,62.41117822308292,-5.873040415547486,-0.8272018423822843,9.91783005622016,0.30455083505236447,1.7727412539316327,-4.496111840603012,-2.978594534515676,3.8984970079055703,-4.346164581912877,-6.563606420699845,1.0846916764633754,-4.19893060614225,-2.5771685975584013
19820307,23.34115496081513,-52.75151844252364,65.2640247127522,-5.7352665248256205,-1.1615655619894203,11.596861721862895,0.02646961178073336,2.372365265067749,-6.9285398750051215,-3.188750439663157,7.819097108407547,-4.811847704310215,-5.523134630230913,4.854758939036032,-4.98641379172511,1.4502372643909158
19820308,23.427496159872618,-53.07477333248589,61.424043864994594,-7.038546125721706,-2.1888182570237587,10.310298772565147,-2.3138240621337567,-0.4374391176036657,-1.4369447823020682,-5.733979671506707,5.767693812414501,-5.4620334693103345,-4.546383360927153,-3.7953921085459155,-3.3360837557323806,-5.916468224670559
19820309,27.608622216889565,-45.713808380535276,66.58027662923821,-2.1999237061617216,-1.5283127314751537,25.579138031821056,-1.409428740170044,-1.0567115906801376,-24.732135903480916,5.590713942412313,-10.997953784148882,-22.56583995292882,-18.387637132940302,12.051258355780721,-4.513751906627307,-8.935763999414558
19820310,22.681647674766015,-50.630202775178724,65.75213907460846,-8.092474582464863,-2.4160490753858794,10.504422042861323,-1.2723259679171501,0.37470363932389217,-3.188034630096921,-3.287093836710733,4.988959573268822,-2.8592508073572604,-7.92454790156923,-0.6322854397696427,-4.162264163441631,-5.608562974927414
19820311,27.221456189938745,-37.72118236787607,68.491977859516,-10.203304696695458,-15.501562308143884,25.73418349471236,-7.527399661346346,-3.1258889609614346,-11.679347745187156,5.984921655836719,-16.5303360073175,-22.762384628827135,-20.964243779600615,4.364555126807248,-3.2018468346316693,-14.87846476353818
19820312,30.84755220732389,-38.99930362480604,67.82524696676822,-7.759646764770999,-19.155944341707738,23.782222094745133,2.4826213315017625,-3.320864224233595,-21.897485920347453,4.419493938925433,-12.875318195265166,-18.583405579693153,-18.994130998009222,6.8803997231674305,-5.684705367144246,-13.052567340323458
19820313,28.80707660554301,-43.48926926968866,68.53068315921499,-3.8551548963700664,-0.3405234292559073,24.20600305712647,-0.24253584767647646,-0.7039409122457448,-23.87519090383278,5.44352285697245,-9.823081766061097,-19.459121083518724,-18.600549551918938,9.790939841498536,-4.082574307810518,-7.347600734577082
19820314,24.82702976312063,-44.6715311196193,68.56372798158785,-9.321230914732276,3.375492540919935,19.840807703708833,-0.8233681286237972,-0.5385706812778647,-25.89678572923423,1.502021152307452,-26.833718944453253,-20.107305866581775,-3.945372790104656,19.041917430350672,-6.463436949098893,-6.5484277445374985
19820315,19.226997165852662,-53.99834634245275,49.45180715077759,-8.240030751983317,0.34743694603673786,-8.310618141558024,-3.523238433749064,-5.855996516277724,9.308559418274625,-9.79045202732135,15.40327108887011,12.17111254424415,3.305618737632357,-30.048049948674443,-3.1793752070280004,-12.86322516080941
19820316,19.28475010391937,-54.32170454155218,70.54554871556218,-20.870488780808287,1.2017703523945502,-4.377439962491691,2.0229492920395407,5.521479691022874,7.15373621106098,-13.187929190833039,0.8505563477634542,13.22957394781991,17.78917830174942,3.378767235794613,-11.13028942649799,6.941351165437743
19820317,31.971341761882783,-43.98731171320341,62.725938435605315,-3.7330840380707997,-1.753116702994384,20.956832755352004,1.2482586968070326,-0.7799000137824423,-29.88711865183487,4.741830394853255,-12.71195992045752,-11.025676154666625,-18.148511450481138,9.735785212074157,-3.9293476139306134,-1.972127326411502
19820318,23.995068744863666,-51.368182922970284,66.8583042286553,-12.995550288512048,2.135205820116563,0.49410107272033715,9.024874749902265,-3.0265367113229598,-10.578180013017192,-8.81348749652265,-11.104729574766926,0.993303966520682,7.903304912847571,6.257188358972169,-9.753008212333993,-8.877177762794664
19820319,23.61012511556314,-51.85678174285464,66.20164848165163,-10.524604124077465,-1.3368759668902377,-5.585568016550737,-3.9333898081389993,-0.716109273752473,10.8197454995658,-15.750767120076283,17.162983069645765,10.432843760020717,0.33090897891743987,-10.344450038980828,-1.3423635905099118,0.893940068645244
19820320,26.891628289111484,-54.42217868031544,72.35045539435407,-11.760942392532279,1.5583359445734573,-1.8222549328339213,-2.9738404002591428,0.6071729995276487,10.138582842158277,-17.790543794758502,22.596140997855187,13.224423018677408,1.6426923361846253,-6.429384037764533,-3.412440361456949,5.519610141790141
19820321,27.736178559813027,-54.58721732156584,66.84553839343361,-11.132294341460943,1.5303790060450684,-3.9556349927567913,-2.6657497237192795,-0.05987873258102595,10.255262872708872,-17.896507223431268,20.778214258919366,12.157800570098173,3.2963392548357175,-12.019265062378347,-2.016534072457078,1.918505294527772
19820322,29.323753522611163,-53.09123137108186,71.7014129657272,-13.387097304733683,2.2252820127230137,-0.7687908877800874,-3.498511449605843,2.4082196232193476,11.30014304205264,-16.769088980635587,22.48737573133589,11.340678246290773,3.3611998687526015,-6.491275192911844,-2.8666925516428683,7.614419264220024
19820323,29.18669155665849,-52.28407170118784,70.48363728337797,-14.211387784077223,2.694058841316216,-0.5106583672774706,-7.061431403632793,-0.22539583347620243,6.796677574823905,-15.409618883203018,24.639495351622184,13.617743079967365,5.42208404209697,-7.97330833024168,-5.410463106782593,-0.06628367609700887
19820324,36.998941284768215,-43.277274935794125,59.295436316777675,-13.827452302704366,2.7976057896995643,26.578643090187317,-12.649364554712193,4.849687067449802,-28.847574303482048,12.224653948983159,-17.115217671358984,-4.7355368268385645,-16.075137731738007,0.9584689625304655,-9.65770551495002,-5.0350205542156745
19820325,-88.98779757251849,-53.59736397704587,34.94446827122715,-27.58748730850834,-12.954312890023587,-15.646291144354286,34.51125336204582,5.899666710915999,13.20611779938927,27.41100536951045,-30.34692117071388,-7.035156141288095,21.697044912706836,5.512141607140057,16.58552304588849,2.0782123814165017
19820326,-81.84188551350506,-58.65557272513362,26.525342314372658,-6.301696622266819,5.067772955136217,-14.648180319234543,42.95930240634306,7.517786652067258,-4.600553251769455,30.799268143865177,-3.5361387157014454,-0.6214883720958556,7.1806353986684,1.68826231465388,29.89300469427839,11.188385194684109
19820327,-85.27846602575825,-60.639938448422285,30.04264139464505,-13.650182207595382,9.580119643807373,-20.04051515456582,48.32107175454345,4.893463741298753,-1.5422706110455513,27.07249324184508,-17.38445453996845,0.07480552047520952,22.01376916964364,11.136807502372687,22.078422912374062,6.8404256679568425
19820328,-79.05171451369964,-61.02493009066245,23.650407822019577,-10.723056529167351,4.717614396271393,-24.673958521350674,45.0424295509852,17.323961456560838,4.020844466870408,24.876273463951105,11.472010272411417,-2.0628154534593444,19.008911294859903,-9.198836767663186,24.393856133568985,11.83626599890216
19820329,-79.09806994061344,-59.30321259342661,23.3274228402917,-2.685720861335547,3.4865736219934624,-19.19311762901007,42.228318896097534,10.223461226348675,-6.826989518813529,22.556052350559845,0.8794514385281258,-11.589163882602167,12.96389907439869,-6.977977691634414,26.58420385136642,8.152732775746799
19820330,-79.84129089632432,-58.26773762169639,22.423654688459163,-2.4971531195512684,5.147079092448895,-17.515600570914106,43.91645592167002,4.633690612042179,-2.6033886111598443,31.162143152708314,-1.4706029369184757,-0.9831997392498389,2.5149994705728855,-4.087847266020612,31.599197598085443,6.744509990891968
19820331,-82.26089589502284,-55.63282630713175,27.73740389319599,-11.34938483501807,7.274424349874717,-12.052444290540112,32.86309674555994,5.738123495278103,15.194176898776334,34.36751965011611,-4.777230676317024,-13.164326511790936,1.537800435332772,-5.800775786722959,31.329397587770547,10.564053000714312
19820401,-186.68536916170376,-65.28699149204678,-23.973887466052762,14.013621342629163,-20.56440057689289,-3.5387429018937158,18.837350696559817,-1.8970141286731708,-4.768418585199155,3.9003356003957332,10.264531437991435,8.435396420646873,-3.574097158961716,20.94420805844282,5.812124640445604,-13.90321885485187
19820402,-192.730771626074,-61.69292743143513,-21.382536503225275,-12.399186504394649,-14.648738410854259,10.227429280096262,-29.21476313069651,22.90796278029522,25.2092922331589,22.42560201557232,-6.858352544510427,3.0179978407084906,-12.708282613889468,7.121380399226149,7.307056781136032,-6.749380421916773
19820403,-184.0472832898872,-63.40727655074172,-28.947719193009913,-16.29552460680772,-12.71744448407418,8.167316102732146,10.06513719261086,22.829304981513342,18.529512117294317,37.21843562380726,1.6403138791598932,3.7512616920544177,-3.5135663870408456,11.673651167184463,-10.957166702400878,-7.735287445945847
19820404,-177.48079491438068,-66.20865712260989,-36.75572702819825,-2.3669722106382363,-19.83716767974122,4.947761745359731,5.151593750377008,19.335251423637732,-15.745498645665888,25.498469282661993,9.62229824292857,31.407697254573133,1.2031832852395434,16.809039415162218,-7.689483900050984,-7.489354157537729
19820405,-177.79918907842963,-68.60997175685296,-39.231468411724116,-10.609990966726023,-13.45702959936412,6.841705720018588,24.623595927302024,17.468405822228032,-5.79295491768862,35.3068932166182,11.532705077651057,17.897028860381308,5.644766915455794,14.990850526776207,-20.120442742120492,-5.858747501725667
19820406,-174.60072646370196,-66.48196279022275,-34.2975190639717,6.774705032625206,-22.227040773824104,-2.0791739570626446,1.295048622523368,30.277731042732306,-23.145962080307463,7.452063012031052,6.926158946862565,16.004742288320404,5.234483558875484,7.773368247382686,-3.971378797354115,2.8719152112255784
19820407,-177.90374814585374,-64.65575312331431,-30.810276811621534,-6.381512525118072,-18.12859364670049,3.110320801176923,-14.53170979482644,35.025156827061934,1.590601925088459,16.625974626681884,4.545942847262124,-1.1538276168424888,-0.1159442827546958,4.897930296215101,-1.850490015277451,-1.6113877171813602
19820408,-177.24580676261405,-61.72441897929395,-28.51389770473135,-6.445800905784816,-27.85663211577516,1.309372234973637,-21.680157649654493,33.29849103734053,0.46297738176282033,9.481914252977477,-0.34260300887401013,1.6869481823903587,-1.2419400448335578,5.347714508594103,2.1965233313669223,-2.432287588630411
19820409,-184.42388799687978,-61.638312759196154,-20.44101656042928,7.984416847353075,-12.684988119945164,-0.6963164099509362,-2.578591395541797,-2.058002552459463,25.748825863298368,4.379558041191429,24.503193678919207,-5.094840787973307,-16.38398102010688,5.138253249675878,8.938981680911699,-8.869440581853818
19820410,-178.6438194686246,-59.452463180622104,-29.320849586093615,-9.067541934050952,-22.671000363391865,6.952321914832836,-10.332327131555386,15.246803777363526,20.66326327088274,20.216297672101366,19.130624242260357,14.180296044880954,-16.776810944657925,-0.29046077300372114,-1.6190262046012882,-1.446061475332258
19820411,-180.1522900052236,-58.80066620336841,-20.742794515286793,6.032914418699453,-11.715295047177037,-0.11998745004496349,-7.525138603302712,-3.895100260524906,24.563608095824087,6.216912941048173,29.116720489511163,0.31477277839058443,-16.702132301961164,8.838420030458895,12.104276209143103,-16.457124822228177
19820412,-177.99231203823962,-62.13108063275663,-29.61967506140923,-6.962907200387439,-16.07505803582464,3.7267528973649013,-19.041142800979525,22.00032668007098,1.4638002145350213,3.862536177898438,7.2353787506058485,-7.5452252573911,6.714841945550978,3.0885841707327444,-2.0911579533478966,-2.313700667846989
19820413,-177.99568081196455,-58.78859197663586,-24.17720650200005,0.10389443579317607,-16.58116148676978,-0.2808241843370774,-12.43233141328137,8.971571052410745,4.7900228043748125,-4.796692161924363,9.964269526175316,-20.157548326874306,6.49778821963148,7.501185856283826,3.2168567822782683,-9.415216494830457
19820414,-171.93734061258374,-53.07315269417761,-25.54513932786496,4.809263918082861,-22.53993966952854,3.354477532961626,-12.057932176607396,9.54845821847645,7.696099737057657,-1.145817811647769,24.903843011938363,-22.00318935696305,-5.559232326758676,-0.06509336336919831,6.68662467905262,-8.321315763163918
19820415,-174.77082006906318,-51.94537838930492,-22.414952838698206,-2.4957534278495284,-10.347365422408789,-2.6805225401383326,-10.068195444557508,4.3214894672418565,3.1266280641728983,-10.990177491496391,10.80182345068379,-23.37537459505373,6.296099458512865,6.091383912628249,5.438112809828601,-9.059685037058857
19820416,-176.77962288564655,-48.06414432853882,-18.70464983428348,-5.2404369031670175,-5.017416297375454,-0.005756324396311991,-1.7048486566150025,-10.688468304597281,14.946220568581413,-1.057017423146781,5.534751528462576,-6.724387830156855,-7.983721547965041,9.818845598120964,5.320787765912515,-12.169400369109283
19820417,-172.01855203168213,-48.548542962626705,-21.127211681768763,-0.6214881922461459,-14.997155090787784,-5.361371338124486,-16.29528705647773,2.4464968776104747,0.006295748203849812,-18.17653077259371,7.276059833278859,-19.52762244710893,4.764160988078801,5.533306400638524,9.231222652404126,-7.905891239277246
19820418,-170.14295090459396,-48.662514077228074,-22.862662601582972,0.3432137861678364,-8.961322437636957,-4.033864835584296,-19.13647328563161,2.6534656779775885,-0.8465049038966298,-15.916334462167761,10.939711340618222,-18.065196451745173,4.557495027691278,4.497731519468078,9.391653612758066,-8.309783084121554
19820419,-167.12045263140888,-42.87331657195106,-20.018699716616407,6.597331487037869,-6.025551128985613,1.4175489910837806,-13.265074361441462,-5.986123754108034,10.896141895260277,-0.5452126276581994,20.344599900611385,-4.2175812507863695,-25.294485428298596,4.1088628487302685,15.211442730344078,-12.162587687827
19820420,-165.70295405138606,-47.96427869918488,-26.81566498249107,-19.387094355027337,-8.021145761189597,-0.8161395782668092,-23.196161079681335,25.77187208435851,-9.518096292602348,1.2621683275423818,-16.542036225776904,2.462691356283228,11.093552581627863,6.875557119271805,-2.011524671054479,-2.289046671821728
19820421,-168.07435203042277,-46.81142537957401,-22.5123490666927,-2.3313462641266116,-10.913032385827758,-1.850532309852999,-17.324864644791422,2.3915521208455894,-0.9875549548870696,-14.126975516363702,9.741390207519972,-16.411772333529655,1.0869414078790776,3.8497803221980074,7.639596840467316,-8.226680668242667
19820422,-166.55072610897193,-44.32526719675916,-23.759534931492574,-13.831960474826253,-7.5534292765388376,4.703310560760777,-19.772837686331414,11.153483493332804,2.212413502269943,7.439934138115275,-4.345402953041297,17.732267224284016,-16.127327472502305,4.325719093677602,4.4135281914363285,-3.7609968050256892
19820423,-165.48317358401926,-44.415553235261676,-25.18140370771273,-16.193310238648525,-5.256157213637628,6.1942661262011915,-18.309428856162135,12.826481334744232,2.3549651266182603,9.430026664041256,-4.5111508320747875,18.11527342021755,-16.934156103043676,1.7997907983332058,1.3676755999083443,-0.7903345142959923
19820424,-162.88908266719488,-45.19845587536491,-25.741029597292084,-14.753078224480996,-14.486769026324769,1.219428229447849,-14.675019362729694,24.81242368321454,-3.7052466430563085,-5.26857204359259,-5.99500904446938,-4.423791469659632,-5.683180285960777,-6.97195941932603,-1.1638218094394006,8.395571666050612
19820425,-170.3982440062592,-45.70300674417479,-21.074013215578933,-21.577894235833988,-1.8957266286108065,1.0211753003168038,-13.085400509579237,11.121371197897638,-1.2101160836491085,-2.688911616337014,-24.6765207779574,12.243612146427159,-1.213583909996327,3.699871245856202,-3.940474081903778,5.071988034745934
19820426,-167.36104867604269,-41.069656164330475,-21.085445778465402,-30.023961074873394,-2.8188991793930773,3.83156848025686,-39.605794726691016,17.81804685348859,7.440982816377556,-6.325971819466037,-22.92705019190309,-11.2230859721391,11.197999647215534,-4.572851358607551,-5.41021749996403,5.497798058326711
19820427,-165.42022832266673,-39.28101736174852,-21.983491952465755,-32.26266747478746,-3.8978038166632367,3.8472963323814753,-40.28485287888852,20.02643988128701,6.9069342318325075,-5.253133998122109,-23.765131124588788,-9.275797441395923,10.953881959320254,-5.144516384299208,-5.691432137716398,6.317392696983945
19820428,-147.70308816769466,-41.05977869490643,-33.786301513925736,-5.035538461363598,-11.328616163843837,-4.419580393661534,3.7593125318891603,16.47045232783671,-34.153950967289525,-7.466194475343308,8.21668783972425,17.230599958840134,2.297940211170073,-3.4624360409903936,-9.01146203870959,9.183590577726928
19820429,-152.4896482361248,-36.04738112249997,-27.29072881539341,-18.113542006958607,-8.333537017147542,1.2394459945940346,-20.940086109409226,17.983484286037992,-9.459848999540295,-5.391707324060027,-1.959878722965421,3.019459057350156,1.337119332025353,-10.276607126354316,-5.746372320065621,9.672661797981561
19820430,-151.34415547369105,-34.596732187942834,-23.260626878964313,-14.700470182698666,-11.829744390861782,-1.5395025740764132,-17.85931102065457,23.048140237417876,-9.460332135867057,-10.04869789405727,-7.9381199396364845,2.221670472735812,-6.650988240098723,-12.69934249043491,0.06235047902777664,13.238879874791273
19820501,-149.50851209408663,-34.2123887361671,-28.008553594146896,-21.75757723189237,-10.42784113771092,3.278018077197761,-15.788513272665568,18.37798848262529,-8.060709728107382,-0.8278154149059046,-0.4345913759009297,-0.6706913140203954,0.09001356984902484,-9.998263985497083,-7.670339222853231,7.340849314457184
19820502,-150.93031453697688,-32.18911649395364,-17.521978851839357,-6.452034250012128,-0.8360383184600049,-5.8803588730576015,-6.1616734162410225,1.175211585111879,0.03340491927185611,-16.749758856634546,3.276371600615045,-19.883588663787727,-2.0668376962731165,-5.779778809310959,2.70806597204908,0.021113107064919666
19820503,-144.98330375156817,-33.04277671626939,-23.06832718952332,0.3587960383570995,-4.277913509922246,-7.831408138179722,0.3625832806812795,-5.6141328892902385,-19.085131522529107,-19.238629206147582,12.88896948893698,-5.939175482998897,2.860540351221786,-0.9832423093113244,0.7402472770127523,-3.106326953038301
19820504,-141.44334055122,-22.092814328161392,-17.38853919584171,-7.395920637703046,-32.119951913529896,-3.7048582141075577,24.463191124454234,-23.923224248767443,-12.77856615762851,-7.175126007679752,2.521937802238376,5.469166308016444,-12.81836306606512,6.538367180539705,-3.8416048040218924,-10.86622370754317
19820505,-137.08182914427823,-32.14233134412454,-29.010287708832877,-1.6188387938210413,-5.192959516702559,-4.097167457063967,6.327370151509799,6.109696127990465,-37.41210336680947,-8.773081366369597,5.391367138045842,10.254659410438325,-0.8848265339049687,-3.3741693913697723,-6.948169083697877,5.24994698722846
19820506,-140.62917943922955,-29.001923804676675,-22.904775400152296,-9.176748477217643,-4.723587242254984,-1.104248818826206,24.74461255094523,-4.89269221293188,-20.28206979907578,6.445170922944019,-5.681884257367928,28.479929157895995,-21.59581800059521,0.9277924345145584,-8.08644866562615,3.9939862121344785
19820507,-154.30656828734533,-22.118776301456876,-8.312612995201185,-16.78521294596626,5.619422279448068,5.458648378827032,-24.12516304809989,-21.108636529026196,22.53448872329214,-3.763218893206441,-8.544222372292962,-3.468341864259806,-20.922447400148776,-4.560031199752518,5.33919367239905,-4.475594023055403
19820508,-147.33456541554224,-27.025607168911975,-15.63961497589836,-22.775780364389398,0.5757019557689443,-3.6977455266785904,-2.1418382640696705,-2.9199778795853355,12.672222220013971,0.547338734659775,-3.8894116987681953,21.755302652130165,-19.425834087235867,-8.667650828041493,-2.7442354889417486,8.03176862953249
19820509,-137.79497291948624,-24.91135876990458,-23.087489560814006,-18.154663693936662,-6.247407850017436,-0.44980360296682104,-16.49283405718188,9.874649174638243,-10.04518209655764,-7.5306826797150075,-0.19672760569257353,-3.962408608818543,-3.6064642415120196,-12.091000605978186,-4.886156182738571,7.417942760426706
19820510,-134.14871313781708,-22.497049007610226,-19.298528493868158,-1.8825526872540683,-0.3065584444288891,-8.324129349331853,16.420415115965874,-16.72494810445882,-21.541983106375284,-12.13418915755592,7.4298274582916335,13.473032861054607,-8.309469822452298,1.5937240267345072,-2.584591403653518,-2.544223544492908
19820511,-132.86162441202373,-20.109908390763387,-21.812524917901,-18.89710158915011,-4.413012748676459,-1.0626367696224726,-17.070991553293812,10.669028932325466,-10.826767518642757,-8.68479534782292,-0.36334801788873217,-4.892052813371035,-1.6907002270514297,-13.70927845083364,-5.437957176127746,8.227530115393554
19820512,-126.50710308443541,-17.121494651826758,-21.59290574761421,-18.564714256393998,-3.8510530803435508,-1.8008977514752689,-15.27460231275048,18.98150689318442,-14.77831385819214,-0.2661659753797191,-7.654116935568531,-6.764557931094483,-7.17876413478341,-12.462842545605435,2.6917416897706996,10.192053744504387
19820513,-132.754826445861,-14.554767934015615,-10.876162134809418,-16.90267332071208,-3.356799876203531,-13.495103161810906,-4.727640169462414,-5.102511635125692,-6.21475319174412,-22.232634958977908,-12.964352033068064,-17.725123471573056,11.477331569773185,-3.036587358108378,5.430939972966751,1.3709327071516282
19820514,-128.98740808064605,-21.529890763812684,-18.36996046579739,-16.86343351904821,20.413893888532858,-13.012591778315672,45.23485825017944,-15.01007793659055,-11.037235240051826,-1.3758656743003677,-2.365482827543495,-3.856287941254599,10.979729321872602,10.097079099385496,-18.226455992680865,-4.620714823010908
19820515,-123.46949174277968,-18.665662623806497,-20.37939248350371,-11.045677117577196,19.25507152210491,-11.922646632767995,46.78108171511152,-15.211967315549733,-9.306470881107614,4.471313251204545,10.475459153513246,-6.349389151000151,-0.36203950320451667,1.5418236995635801,-9.424977063350509,-1.2936806917880084
19820516,-121.10973232579583,-13.553704467565913,-13.795822225826308,-8.101535237030312,8.284154709658386,-19.794567739416184,24.815417480556246,-15.09344891046382,-23.95665661662377,-13.479171803399325,-9.623025945964056,12.501298105348774,4.753951414612617,10.52952208417849,6.32191798536071,-5.286879042809768
19820517,-125.68338078699406,-7.02509012376599,-10.098158249633654,-12.072147402623685,8.140023887494609,-6.640115740031644,-0.7405954617000374,-17.71369972257499,2.715139038683368,-11.268551838745626,-5.671232960593611,-9.617170817892132,-12.242588205139349,-8.158671546660093,9.268920628274289,2.9729237750107305
19820518,-126.00871082573937,-7.085270957924623,-7.593300311412661,-8.53754152611763,17.220659333957816,-5.334336820732839,-5.651006512020166,-16.868976401098173,0.9714822779895328,-15.563158346307711,-1.250150002899638,-8.526789940423342,-12.912898967715526,-5.132721487514971,5.310901293416847,-1.7213274816353754
19820519,-121.92056359785784,-7.94211651403826,-11.466931737246835,1.3398948521689222,20.353400279492163,-13.50291277644843,24.99011049297385,-32.42962696937969,-16.56723523324735,-11.96267362926952,0.9720752817091087,22.702331405067156,-15.825306947583318,3.5148190082846726,10.133384891022462,1.0243173832954773
19820520,-122.3771112040255,-8.55508503483874,-9.626649281740692,-6.353840259450554,23.63171747433756,-18.366908967148973,26.8731924423964,-30.419883081656955,-21.439377645406527,-16.30467111054532,-14.711399342371267,22.544591716744957,0.11146511515211711,10.132575417079625,5.465519045126286,-1.3536323761478202
19820521,-106.97526993833456,-7.766341181753762,-21.517295712585636,-15.287307871465682,22.248543414823253,-11.235490846860106,45.65726645506324,-2.6005691788497147,-15.149656189098573,-1.9564421672816448,20.21507031353353,-20.964844306540698,10.238241882884639,-7.337765460087344,-21.63337931525935,2.0788896889859503
19820522,-101.99378621197151,-3.0707319561977466,-23.671564028209836,-20.27190430359467,11.20655600769488,-11.934714910183384,45.61715925545203,-7.0383460706335885,-14.249533327059805,1.6531029570924791,20.335525934647794,-20.494030292303066,13.733905709273913,-7.353876778270748,-13.255672892938733,-0.5912138496512234
19820523,-104.36709912787276,-3.6408655353127917,-20.225321605013647,-3.066335124776767,11.921980098293018,-15.952087875834485,18.56426401182747,-4.690995660615891,-30.130977297367714,-21.697240681182727,16.576411741118626,-9.411947412718867,8.142882092683768,-8.258558997059625,5.1608291778890605,3.8143836053261095
19820524,-104.2520081876442,-0.8266355551294228,-15.602835636670788,-19.604275876043573,30.366907910048404,-11.193671439392658,50.95007760508654,-12.519283105495761,-5.907800136469378,8.19856222296159,10.328542048750409,3.1849018827022704,-3.2018224828490967,1.4622460127115298,-17.04077610371267,-5.007166479132108
19820525,-111.88668371068833,-0.27673021631480454,-11.691147610215442,1.2948443395786309,20.80876685529311,-12.73549540535892,13.325069508455197,-27.189300080253567,-24.66134499157229,-24.068656091863573,3.8310715278171243,28.34702562470186,-12.70277609919271,4.136044601833366,6.146706751022237,-0.9502305475788959
19820526,-108.40654452493834,0.16886822536556584,-11.616115097938492,2.2370876647838323,19.832121716473456,-13.991472608578666,15.077581621907465,-19.366529300071804,-28.283636355419294,-27.420165910129775,1.6550645497199779,19.318166396237675,-13.056742208906016,0.3531631705342265,8.345246854941868,1.3159341337453694
19820527,-101.08084749978671,0.4313421161677786,-16.21803378996314,2.3086356946223887,11.94239957052299,-17.318011310382357,10.331784562854374,-3.5937860715798533,-37.69550895363624,-36.57031436278413,7.651238841492619,-0.9863787883823378,2.199106372664629,-5.483735038771678,6.385259381799191,4.487564323060193
19820528,-99.44282220819237,-2.219106450481469,-19.868694817314033,-4.109315371782691,16.985546892051687,-14.66902686040481,22.88407680978619,-0.6222607152207287,-31.061383838613562,-24.828897853717223,11.793915713298711,-9.804967880052473,3.884942014240439,-3.347886674483058,-0.1437622339230692,1.4378496436523545
19820529,-102.55919598103883,7.1462004562804005,-10.93787891007435,-15.663587605171877,20.88302073975623,-8.429928344802718,-6.080386439366845,-1.0651094789940048,-3.554134907604581,-22.35322803087773,0.6529459945076153,-26.5200041112471,0.9221238286019801,-12.46920163294779,2.9336813121752328,2.3352731725889018
19820530,-85.00663629786114,19.263373686720332,-12.475325522796096,-15.75062312799706,-34.942647023768174,-16.435992684391575,27.37250098781427,-9.140172602651216,-24.839700600428,-29.081104102878495,1.0403190920849525,-7.864034205101315,1.3863086031731198,-6.826516272364185,-2.4618560866047408,-0.4922112830963866
19820531,-97.90897635833005,10.842976029801806,-10.11401185094726,-13.795313302563716,19.448269490134194,-9.646136213342134,-7.643778511138492,-3.364479539733034,-5.811861758244216,-23.41715596207974,-0.9645355106199602,-25.089018250110296,-0.8217049815356567,-13.058805947862544,4.41079345194816,3.7701856806539746
19820601,-90.91017788072521,12.553383384173792,-12.489618082969422,-16.801734611830074,15.063890203729551,-15.684028532150663,29.850350887801255,-20.166632230372475,-25.507557965467946,-14.578716043847031,-9.967124719364227,17.953247594018066,6.065109987943308,5.516412120675578,-9.323529999173397,-1.9553780129117726
19820602,-95.29889986479056,20.68764311848888,-6.264545940036254,-26.49338534421075,15.538651577024401,-2.4147600063418735,-6.783815124276272,-17.743360995837236,10.474900325880881,-7.381403517217202,-10.203791816156965,-7.858358135927837,-11.292467015052187,-8.969720672137717,0.5241733913136936,-0.6048876166198028
19820603,-89.21805558488158,23.755066802352978,4.119993605011222,-27.70396553101339,16.6490389165878,3.9310454336959704,-6.579607140364916,-14.26399626158011,10.479765011469931,-7.242120363059221,-3.8726337907659385,-7.583332241218344,-10.985821850937631,6.208201463839875,1.4185180277897318,10.038878129532126
19820604,-89.35703919971085,21.477570254331333,0.6345524643403798,-30.867901312966662,14.766718899575578,3.662561656084513,-5.8836898432162394,-11.772338332465715,10.70062402849988,-9.87835539977174,-3.330838983374974,-4.440198254112541,-12.211101484488996,6.0734256764259404,1.0515393056322917,12.107532438826599
19820605,-83.67033180086453,29.895708726902935,4.734497587027078,-31.09880883280425,9.066722146692852,4.720771944995059,-4.651443217375742,-13.563229989478415,10.061350948798562,-7.894083519831574,-5.937522991739023,-4.74047003613232,-11.554319689239371,4.4158952336650685,-0.4030554907128349,11.61089447466105
19820606,-80.78649051965665,28.876038123808552,1.2607349326772104,-32.045929978216414,13.544753695978796,4.8143983684162155,-9.184027515580322,-4.265810316192199,5.842803972370569,-8.683228880306068,-5.07528860882742,-7.3724522018217185,-6.572065273403227,0.6647498818620141,-2.621924938793126,16.03481925049215
19820607,-76.40884973186228,30.923295188961582,0.7872222245524078,-28.81226299978455,14.952433056684775,3.2034208575230094,-0.974577949027037,-6.338237378624714,-2.119833888911849,-10.775222074839183,-5.645103260747547,-4.92408198336934,-4.551267371074944,4.471930148675003,-3.006841838799908,12.981833285147864
19820608,-75.02867919094334,32.99603120399667,3.357282701675724,-29.690942432228344,16.43154391206084,-0.07042787640119996,-6.056291528231567,-6.744651376971791,6.495155524266521,-13.281738547596541,-1.9892127620353344,-8.268752887489367,-0.682741374081572,4.932611341720636,-1.9335117246469213,11.830838661724957
19820609,-70.54182398605536,37.88012898908965,3.881444658037106,-30.794603714856684,18.776690853153383,5.040777717213811,-6.46045289150338,-8.674757310335266,11.461207102366712,-1.569107279690094,-0.5717667355123593,4.9776231060811345,-19.331186291931846,3.0811955637205313,-0.003057648515700596,9.912751582897872
19820610,-72.2546825742391,37.467378665883906,-3.5069831884727556,-30.65614376605878,21.50745025793146,-3.176782826463704,1.7402682159114637,-15.075264680000725,10.724470535685068,-2.423607898456272,-10.158955578107479,-2.226619940418958,-10.317343630777435,-2.8660789383799457,-1.6578597894498035,-7.425532371101234
19820611,-69.32217749259704,40.35094466165788,-3.2544205708405833,-28.286548610684232,19.058772295581093,-7.9578826780086995,0.21821696184981307,-17.198044734135845,10.912579347102861,-1.4254156700407914,-9.02390427743736,0.9481841778799361,-8.999190045610389,-6.784369064155053,13.12286133324819,-4.7030167068652
19820612,-67.13808342262664,38.310663714178624,-6.578553682486448,-42.173200402106225,26.969115530449574,-1.4762188921061041,20.850821103972084,-13.584969535956837,22.86237230809236,14.846169891061939,-7.136677859623586,-11.229112750685495,-4.019950965790726,-8.891458997760566,-14.317454294878807,-2.8865131449993453
19820613,-66.69329080128104,39.09026215028084,-5.1143681584457905,-42.09991869704517,24.29712976862595,-1.3285856038042425,20.211991029703817,-15.512840253556782,23.645966003850734,14.625409645434742,-8.500113412248853,-8.934960198086667,-5.525501338081429,-9.069277991333694,-15.100169095243764,-2.6975133289465796
19820614,-57.797861133062625,37.43615984155186,-2.1403823345326662,-40.25134335781395,19.120592331460116,0.33251250581547964,13.312224327002228,4.924489388775645,12.402191462288153,3.0157227665116677,3.7839810721407696,-29.704687098057885,11.021656282256755,-0.991058909222038,-17.925458148278388,10.908513343845017
19820615,-66.28656368190947,42.878152361346245,-1.0583469591755543,-32.407880101466674,18.354632659153662,-1.568153091208968,-8.395882023931879,-15.379830333784637,12.945861385949076,-4.297530229187938,-14.702551019587943,4.051023033333739,-5.89193393713727,-7.839925565140557,-0.7319583401678739,-3.795934028816914
19820616,-60.87921483548819,43.35563680274613,-2.525345498045265,-25.56822991766459,15.45027697245184,-4.097072736202007,-5.3579948343431525,-8.87179455457709,6.840686625279146,-5.318660836549199,-7.113852412187984,6.217799587997478,-9.216950622676176,-7.876269275805804,3.9425982421508543,-4.9408858312099895
19820617,-55.534010012337525,43.21453074469434,2.0481236374159977,-44.27965350661779,24.582493716066377,4.333435386005837,21.589401687024903,-5.670658440775702,20.831035885581493,15.54466140144312,-1.1829597383827686,-8.936347077147573,1.7214878120510433,5.331504757764916,-17.798177490246793,2.5029867662869134
19820618,-50.20869058874597,55.434421767413454,-2.5654609403515116,-50.10290936329449,-14.406943582641139,-3.4684235540098074,26.008319624713724,-10.898189644872524,26.877991844992817,12.923401132711174,-9.207644909790268,-6.006750877478896,-0.02356026077824848,-7.585475794484161,-18.87684568096736,-10.964303874677178
19820619,-47.18763059228648,48.39149392030292,-10.378684658322374,-26.657729489815253,28.916153497537458,6.980305550417588,17.01485015623089,-4.212128673708091,26.418286668096087,26.20772689882401,30.16728374724732,-13.097357100955758,-28.03944411787585,-23.824177464161938,-8.785630297966977,-4.27374192837629
19820620,-52.714949065424136,48.78834280008718,-4.041467036951481,-40.64616723619119,28.672901586377765,-0.7717975582748027,17.554873962130443,-10.807108867180007,21.435075599458408,15.024893411795937,-6.597981408847068,-6.275640749738361,0.49347713312903807,-8.233767659927349,-16.0254740076053,-6.14789249487663
19820621,-52.79712627891643,52.9627982799615,1.6473592252926883,-27.90307247792112,23.484161820620713,-3.1292285940661606,-9.83400765613075,-9.77622457237517,10.614306141428836,-2.5439122982537787,-11.45647643263299,5.93713589825349,-7.578827651131799,-6.998716534186372,5.302502060632457,-6.298202434514407
19820622,-50.7071765504996,54.02173717971474,0.43941614699385073,-28.767558742253833,23.7381706497896,-2.872141717418524,-10.575290061121281,-8.360063446370063,10.772467049747478,-3.336524360085588,-7.202916396809584,4.706468532237443,-6.882225187926925,-7.64317332784984,4.977619148284775,-6.682616955562075
19820623,-37.60117956517919,61.75424917092606,5.966811712219182,-34.97374856139583,-14.947223073460165,-1.264678365983528,16.321450031446947,-11.294050851698083,1.251430850179218,-3.1263120263675925,-1.8687903904000704,14.824976896624676,-5.233335740249434,12.688802898867332,-2.576430798935848,1.7738800308364846
19820624,-38.68642967006485,68.49807812778401,11.881430708539668,-38.8050997768082,-13.320759831627969,1.4236648125644709,1.2331137887605679,-10.49366089620008,14.471034003805675,-4.611585643818995,-5.801826797510702,4.464415571738061,-2.3356039301800617,2.9353442389738604,-4.067020904781536,6.507535299854795
19820625,-45.102893870626644,58.350464442590464,-1.8497313849708075,-41.933705227710846,31.2845780268938,-1.923375886843046,18.146261436352702,-4.258023936132118,26.905083474481575,15.561910299343591,-5.766670907694128,-12.568452424170784,4.346039252825721,-11.117073200313701,-16.279680256562536,-3.4181438675306923
19820626,-34.046425355756654,56.02826617039494,1.3813248055000364,-13.419579890323842,13.750167357451021,-9.574004588071945,8.573637329771799,8.123356974020076,-24.880667768866907,-21.228332455762516,7.326140172949548,6.167932529917885,12.128957854907261,5.049776217876588,2.683474326336528,13.432343360069249
19820627,-39.35691339013172,69.37086857640305,11.401568382049104,-36.01787253175387,-20.285261789555282,0.9455314788247761,-9.527206642956617,-2.1942491084875226,8.829792701461239,-13.64012883269617,-12.396291148230304,4.373179785371149,-7.461404890113797,3.809326462010398,7.867396972469898,8.21273757291848
19820628,-42.12426152831522,71.4553036216703,4.493666908723014,-30.96297511343691,-19.48747342584733,-5.543706587038102,-11.218719577425027,-10.768229544891982,8.805401520498833,-15.114782790588691,-17.600569791463037,16.149859659322434,-10.10986607111033,-5.869290112559942,12.802510441245898,-5.903123330986718
19820629,-42.88742362087658,63.53623039913371,12.318867220627133,-20.398526320018902,23.59591361402212,1.5170284887275947,-17.72775120246063,-4.704983088173219,1.4155350485302056,-12.073545836807803,-10.411673938288398,15.195879872979658,-9.164198065665408,5.8584982845256155,11.336497571381756,9.896904826281842
19820630,-43.092267302472685,64.61743119079608,1.6824640290820343,-22.944977847571653,20.17011680020289,-3.4499317804682192,-16.434071242858103,-6.3196038028629475,3.469211270789049,-13.019390931156194,-10.862800614366702,15.730554345138929,-6.09649873430704,-8.694152069166478,10.314373177857487,-2.1388499205920386
19820701,-35.991397503660515,66.97560192202104,-3.007262647474862,-30.015404750135712,20.113434916357576,-1.2325530859901743,-8.646903769379144,-6.279593973912949,6.262001646420879,-2.717891502352982,-5.947930237885584,3.0566565243779626,2.594837542654716,-6.859565923277338,0.34920848016956885,-8.3350275280004
19820702,-23.840120823588485,76.99257397435407,-4.421837823166001,-37.55160954344663,-22.850034611513287,-4.047393676200344,-8.728908055440836,7.974943477495571,-1.6125401092410716,-11.363577428254365,-6.344277168315581,-4.678363238106698,11.213241083464085,-13.834979843987487,-5.187846327931494,-4.7399548459727505
19820703,-24.4806744853177,73.86982756315356,0.8053757334394109,-50.103753495171006,-20.808656964135807,12.338103415359837,-11.185488657229717,12.74361581388687,0.8028247587697983,8.769136173997971,-8.712314947161572,23.238595901464766,-5.189642296895482,2.3901030218195487,-7.943168907774951,14.250971086407173
19820704,-26.762277470730993,79.58365469281809,11.586776069929584,-32.290385788814966,-17.904131474688228,5.4181368183525604,-3.9896070506485097,-11.547302052821726,4.141954921481156,-8.07803031033369,1.736254117733429,0.31679476817007723,0.3722797697148664,10.349549836472915,5.123185303951992,-3.4139726253813003
19820705,-13.557927931420151,82.1546177112177,5.106098297266281,-39.35050961869854,-20.450949312272243,6.087266856025007,-5.879036128926711,13.80404721724729,-4.125900756209989,-3.8052059118765937,1.325775588909506,-9.68460647012959,11.267834218254382,0.6827100712689258,-6.3576597091861515,9.6675495866856
19820706,-24.327230593034596,75.92097580953872,-0.2526304153112815,-23.91738860095047,13.804561622855303,2.384901869861144,-20.50718081273487,1.9235559810651235,-5.956030973742327,-0.4556363199347873,-4.301100433442675,15.302881360230096,-2.6579941385630237,-6.041572816891716,8.684798445704336,-10.17371808824118
19820707,-20.661726356832446,76.54672885336045,8.060214404326326,-31.402549114678056,15.322270591117421,13.42707874182017,-8.895271751809304,1.0404215227585978,1.2865052490891367,8.019931068832797,3.757997408728197,10.05589987927239,-3.430401631496494,7.30055578103098,1.0731085773290976,4.981357119031697
19820708,-15.57770308748048,77.21817357835525,7.279157570137813,-21.264166608043492,7.347062666309173,8.547018488874343,-25.681103071143824,13.20519083035758,-17.711071001832146,-13.841729350648365,6.671246531075767,-8.882470108417664,13.47632326829644,4.980041084648028,10.724561850576379,5.363946366092219
19820709,-7.982241788814601,84.19120269293707,11.382082571864434,-28.097370739970998,18.55123707978444,9.338237550421672,-7.072272230638386,2.6634306117889834,0.061337901472413456,10.133927913293668,9.965689694450147,9.540660495537503,0.09017885101923402,14.189360372634496,6.000779261531669,-3.6706692427853644
19820710,-10.449184596457142,78.58501829737654,6.274569754548625,-31.42264613612047,16.021764546347907,11.692188040861543,-6.583657132014105,8.91633413625552,-4.8436280561490435,8.795550751152184,9.510361626015973,9.220687922112123,2.6811611913102467,5.394347614365498,-1.4434154664100376,7.478281862279049
19820711,-9.324402623438065,82.76297388049433,11.6025665829404,-30.245814255778217,23.04512508103674,10.558881822078323,-7.53987508055618,0.015084316851451196,1.2550091827053322,6.31134293650881,4.973479113630678,5.99890569816015,5.433187385296272,10.908453384278854,0.835303049762551,2.337086083407763
19820712,-5.516677252450161,84.59184763587565,13.122948929695827,-30.406483218354854,17.611486329095644,10.969798674958954,-5.670171161478912,3.829563578591293,1.0299818258155136,10.027459371746556,10.096559829837364,5.925280228462577,3.453315566245008,17.789958798541477,6.766928320625442,-7.0631844417129575
19820713,-0.9683956844726904,85.57444908330264,8.54388005658594,-32.40095826480699,18.4652322384385,10.9087734120283,-5.541180686566397,8.556091158200195,-0.6956704247286438,23.951675875885776,6.637820305222076,11.098037617739873,-0.6003138921101764,11.421264994980351,17.760996610333674,3.304921105460572
19820714,-6.444688885428333,85.20699711999278,12.072800242906942,-31.97377577798831,19.318671710125905,14.369233185137185,0.33029257131279594,0.3151546386579581,2.9101091179730254,11.812734483805839,6.348819982632322,2.1364827624827942,5.743643523034238,15.033872697320868,1.0984514663927796,-2.390316853300682
19820715,10.561571344849503,84.71375985330458,-0.9587757389973269,-31.259571020924987,3.207361332183213,6.988334575248754,-24.38390072738667,47.524628786787574,-23.72045239284423,-0.5876423771303473,18.505386779844383,-26.93331127637206,35.325202727829684,0.9534695816145606,2.268973405598335,1.5987295064154077
19820716,-90.19452320513064,50.924654162902485,2.701399764518843,26.841534406873336,10.375972284059344,72.45205475156095,8.267731059111364,6.446432548448447,18.785613609379876,-16.48021916146502,1.218706719495014,28.089844980060807,11.947015850765307,7.588387903510528,17.864343060538076,-13.858499525686522
19820717,-88.51852333443247,48.66353901126231,-4.09251602175781,20.85037692956118,9.222418453574425,76.08357265274272,23.554899980388463,10.063688838551045,15.16527246836603,-7.87903885591053,-0.5328749074792705,27.198475343823947,15.962251556513863,4.517862152910726,4.028775374389334,-5.340091751929985
19820718,6.018035622132755,96.32511429679175,-1.0690077135937626,-23.427899787122165,-5.338340447334054,1.2069259956783094,-7.09962526254183,9.403042805593763,-12.783808301353897,6.154282025929176,1.5092376572806403,-6.3659365341592995,16.25672209373682,-4.608493819557311,16.61303161636077,-13.460561010308092
19820719,21.135442174905936,106.00210386729582,7.267475099017533,-14.550488805785589,-20.76148741276768,13.339867532935628,-7.488552826759587,19.701337999992443,-3.9346512985120805,15.992540351213385,41.04263125796254,-9.10267211390543,-14.91028095767651,-0.4786747463969644,14.601388736741072,-6.3852481091327675
19820720,16.513168729478764,104.57677404074362,12.585582629492594,-19.253380194815072,-21.065921943143245,4.980891995903318,-14.735090659610655,14.24743695537218,-14.957395885217224,0.26185025002135837,11.773483564279164,5.020537476459782,7.39533140051867,11.947695825327932,14.719029333819531,-11.429603372813324
19820721,16.621610515997936,103.1243551389102,10.11495945844541,-26.803257195268042,-17.247945978786834,8.088313427133102,-2.199422976557247,12.276863576715623,-8.470946283494099,5.346146939582975,11.059953948906054,-4.70160156735514,12.635684542447025,9.518660517064088,2.457891795763419,-5.949044034797825
19820722,19.606956751814117,108.16008765565421,13.83549115975616,-25.19570863731247,-17.279098777891956,6.106342491157768,1.6838003691291186,8.788410965302317,-3.228034329994755,13.784067616269633,8.233003836868713,11.574486574000984,0.9775461008690917,15.328321898460054,7.246961628193116,-13.517113210651047
19820723,-78.4566856949292,52.2191337487915,1.4243749701868427,23.868763642056987,13.707023698811547,73.95443143606457,34.22222491048309,24.413729153862906,21.650111889500973,-6.538600189195372,-6.199491876036498,10.772604610007685,8.382078281544901,0.9514854917771561,5.269505563777737,-2.985037869060176
19820724,23.336285180903847,100.32672021888408,7.572211926633434,-15.800457595669466,0.9625789715708403,12.06751129674745,-7.8239409801383015,25.489403797313848,-17.235518744242057,3.69004707181987,22.79374889916133,-14.1636216443573,11.937571884986689,7.044776085346604,6.075060079333912,2.5698788114691844
19820725,24.79502009216625,107.72735909384454,4.806850893035693,-21.75840366394328,-21.64810199059846,3.8040843411172403,-0.055205648462183815,20.006471805000732,-14.145764293195496,3.9262550908799243,12.638550324082889,-16.589876771906603,18.785317845816714,0.002537185897565977,3.3767962550310244,-13.964937415775346
19820726,31.24455855488865,107.36097795235735,1.966526469973811,-13.359205907294896,-22.14771355502711,-2.1352702495953118,14.37408920853267,18.41043434135719,-32.31273031671618,0.29868361459124054,15.123630733285246,-3.266801437713311,23.212140790658594,4.65903060910135,1.743344362136047,-14.066109095553225
19820727,23.500505261436597,115.041592010595,16.185282635609855,-24.082183763593093,-13.385504644431222,10.045802942436547,-0.49190014294226525,2.522585666315806,-1.1975478946559621,14.728697481693885,-0.22218137448468184,8.487066494117737,2.3930987599825597,10.8627003648149,5.633166971372381,-12.755779898713845
